Country,ISO,Year,GDP_growth,Inflation,Population,Debt_GDP,Debt_Risk
Albania,AL,1995,13.3223333268813,7.79321853789214,3187784.0,29.4509913700363,Low
Albania,AL,1996,7.33632894771891,12.7254778087102,3168033.0,37.0772780150153,Low
Albania,AL,1997,-11.7115732812278,33.1802743753956,3148281.0,52.2939099492755,Low
Albania,AL,1998,8.3100252038309,20.6428588670596,3128530.0,54.4034191327832,Low
Albania,AL,2011,2.46351683915714,3.42807130141501,2905195.0,69.1921886031503,Medium
Albania,AL,2012,0.984129880204108,2.03159268395296,2860708.0,64.0504160397904,Medium
Albania,AL,2013,1.7072283175406,1.93762080205223,2816902.0,70.4662619818776,Medium
Albania,AL,2014,2.24022695382642,1.62586504402613,2773767.0,72.9442880579616,Medium
Albania,AL,2015,2.2277040745779,1.89617402592356,2731293.0,79.2842872907886,Medium
Albania,AL,2016,3.90893551362245,1.27543168367423,2689469.0,79.8771647108445,Medium
Albania,AL,2017,3.28317593330073,1.98666133171194,2648285.0,74.5233409273812,Medium
Albania,AL,2018,3.67141928098908,2.02805963071134,2607733.0,63.6337689521087,Medium
Albania,AL,2019,2.06257790176122,1.41109078954242,2567801.0,74.8082518103115,Medium
Albania,AL,2020,-3.31375636888916,1.6208866171702,2528480.0,83.4542023899143,Medium
Albania,AL,2021,8.96957619074095,2.04147163139544,2489762.0,81.9202285507536,Medium
Albania,AL,2022,4.8268006234359,6.72520271530059,2451636.0,58.5241429999966,Low
Albania,AL,2023,4.01541716935742,4.75834555150038,2414095.0,53.0292543715132,Low
Albania,AL,2024,4.04592845095348,2.21587375089991,2377128.0,49.9643490499689,Low
Armenia,AM,2019,7.59999999853918,1.44344660770698,2962500.0,50.0284206863703,Low
Armenia,AM,2020,-7.19999999920631,1.21143577838464,2961500.0,63.4012140067668,Medium
Armenia,AM,2021,5.80000000065645,7.1848362944337,2962300.0,60.080359768226,Medium
Armenia,AM,2022,12.5999999997766,8.64091108973854,2969200.0,46.5518225541677,Low
Armenia,AM,2023,8.29999999959539,1.98041877615553,2964300.0,48.0562986764141,Low
Armenia,AM,2024,5.90000000046228,0.269511978259125,3033500.0,47.8813384886388,Low
Australia,AU,1990,3.57297569098456,7.33302368375269,17065128.0,12.211252069756,Low
Australia,AU,1991,-0.384631357046658,3.17666872277308,17284036.0,11.9025520926005,Low
Australia,AU,1992,0.433065864126704,1.01222824105977,17478635.0,14.1253907401946,Low
Australia,AU,1993,4.04583374101011,1.75365751770527,17634808.0,17.8490180915729,Low
Australia,AU,1994,3.97884434177331,1.96963507094102,17805468.0,20.1596024704357,Low
Australia,AU,1995,3.89017188961647,4.62776445368168,18004882.0,21.6474459271968,Low
Australia,AU,1996,3.86567479160071,2.61537902431631,18224767.0,21.777431307299,Low
Australia,AU,1997,3.91795814771731,0.224895027032537,18423037.0,20.8274667149747,Low
Australia,AU,1998,4.67681373479508,0.860129922016289,18607584.0,16.848537830388,Low
Australia,AU,1999,5.02822035850596,1.48313946657267,18812264.0,31.0107125026288,Low
Australia,AU,2000,3.9160574881715,4.45743705920869,19028802.0,29.4708236736698,Low
Australia,AU,2001,2.03145880248898,4.40712998561533,19274701.0,27.6400889435694,Low
Australia,AU,2002,3.94980535772942,2.98157117047457,19495210.0,25.8412136969849,Low
Australia,AU,2003,3.0912800997751,2.73259754838937,19720737.0,25.0320718409237,Low
Australia,AU,2004,4.21894147547516,2.34325687131265,19932722.0,22.8245660455405,Low
Australia,AU,2005,3.15548121323168,2.69182949622197,20176844.0,22.3700818832059,Low
Australia,AU,2006,2.7709261737475,3.55528696972984,20450966.0,21.4023842789788,Low
Australia,AU,2007,3.78947119882653,2.32761442623159,20827622.0,20.0582738191257,Low
Australia,AU,2008,3.62398503565633,4.35029726664093,21249199.0,18.1404251935735,Low
Australia,AU,2009,1.95484826298522,1.77112025681656,21691653.0,23.7918159800555,Low
Australia,AU,2010,2.21004795300735,2.9183370211222,22031750.0,28.5706752868622,Low
Australia,AU,2011,2.39473494330615,3.30384784681081,22340024.0,30.0025299553744,Low
Australia,AU,2012,3.95247138119184,1.76278299052228,22733465.0,39.3096720165071,Low
Australia,AU,2013,2.65445302592404,2.44988248109259,23128129.0,37.4031396926122,Low
Australia,AU,2014,2.60118978187332,2.48792932080492,23475686.0,41.5409287207942,Low
Australia,AU,2015,2.16434780647852,1.50836803138463,23815995.0,46.293292747612,Low
Australia,AU,2016,2.75564065529868,1.27699365720306,24190907.0,54.463570652249,Low
Australia,AU,2017,2.29331030192918,1.94864309065653,24592588.0,53.1037976577229,Low
Australia,AU,2018,2.87417039499501,1.91140002818579,24963258.0,54.3001380799371,Low
Australia,AU,2019,2.19401703622717,1.610770929127,25334826.0,59.9837867004913,Low
Australia,AU,2020,-0.133531904304775,0.846900734607273,25649248.0,69.0656538994855,Medium
Australia,AU,2021,2.00694844335034,2.86391284709318,25685412.0,69.836773674895,Medium
Australia,AU,2022,4.25304559238732,6.59409658717841,26018721.0,57.8834285733848,Low
Azerbaijan,AZ,2008,10.591437462476,20.8490871772712,8763400.0,4.57653797474662,Low
Azerbaijan,AZ,2009,9.36950260277183,1.45704835970321,8947243.0,6.29501240116287,Low
Azerbaijan,AZ,2010,4.78883248761557,5.72687224669605,9054332.0,6.38557579182856,Low
"Bahamas, The",BS,1990,-1.59624908755521,4.66931912018676,275945.0,24.4188250157928,Low
"Bahamas, The",BS,1991,-4.18178502345002,7.11468120203627,280731.0,27.9767032232351,Low
"Bahamas, The",BS,1992,-3.82558229706301,5.73819886173447,285927.0,30.6304277902863,Low
"Bahamas, The",BS,1993,0.307806596011844,2.7228976697059,291339.0,34.4340232858991,Low
"Bahamas, The",BS,1994,3.14891597200189,1.39933423745548,296509.0,34.8665234734581,Low
"Bahamas, The",BS,1995,4.37875203482501,2.06699495410041,301461.0,33.9982502187227,Low
"Bahamas, The",BS,1996,4.22353036224139,1.37913741223666,306268.0,34.2227763923525,Low
"Bahamas, The",BS,1997,1.28775320549799,0.544150383378687,310904.0,21.7237964992515,Low
"Bahamas, The",BS,1998,4.71679855496301,1.3366133661337,315368.0,20.9517328580084,Low
"Bahamas, The",BS,1999,7.14410390677141,1.2542482602363,319614.0,19.6411443712608,Low
"Bahamas, The",BS,2000,4.14841930754267,1.60632941740578,323835.0,18.7520042790972,Low
"Bahamas, The",BS,2006,2.51659221712706,2.38982627439254,348375.0,22.7774542844919,Low
"Bahamas, The",BS,2007,1.44609991235758,2.49257794939396,353334.0,22.9908535609144,Low
"Bahamas, The",BS,2008,-2.32364807041851,4.48955995375059,358120.0,25.45550066502,Low
"Bahamas, The",BS,2009,-4.17542805647342,2.06273473452681,362810.0,30.908208407968,Low
"Bahamas, The",BS,2010,1.53866248693835,1.34402738392835,367478.0,33.6922817103418,Low
"Bahamas, The",BS,2011,0.613170735890648,3.1987814166032,371729.0,35.306429206242,Low
"Bahamas, The",BS,2012,4.52003886739061,1.97336755976254,375469.0,36.4498330286183,Low
"Bahamas, The",BS,2013,-2.86320081549439,0.722414784530551,378953.0,44.7663646864529,Low
"Bahamas, The",BS,2014,1.8469701294558,1.51375643050831,382298.0,46.3248467111347,Low
"Bahamas, The",BS,2015,0.997411675486745,1.86148302863371,385346.0,47.6225079407988,Low
"Bahamas, The",BS,2016,-1.15650811269629,-0.346376929989396,388055.0,50.2046646297839,Low
"Bahamas, The",BS,2017,3.3713988456489,1.51820700736147,390485.0,52.624565152769,Low
"Bahamas, The",BS,2018,2.39795510823548,2.26586346678735,392717.0,56.5027068771842,Low
"Bahamas, The",BS,2019,-0.838585871193203,2.49123527368045,394675.0,56.6924606462303,Low
"Bahamas, The",BS,2020,-20.0893664891399,0.0385210980054557,395863.0,79.0414158203086,Medium
"Bahamas, The",BS,2021,17.5861390037409,2.90491262928478,396373.0,82.5398306524293,Medium
"Bahamas, The",BS,2022,10.8779009410268,5.60540633583043,397538.0,77.6639776530748,Medium
"Bahamas, The",BS,2023,3.04824180553773,3.05291578969742,399440.0,73.7303208143,Medium
"Bahamas, The",BS,2024,3.37866553336166,0.409162489083286,401283.0,71.4578214596313,Medium
Bahrain,BH,1990,4.43799717642609,0.929335437489092,514797.0,7.67539435426901,Low
Bahrain,BH,1991,11.2299982766857,0.764419735927608,503052.0,14.4052165631514,Low
Bahrain,BH,1992,6.68999812735618,-0.172413793103312,516458.0,18.732405446645,Low
Bahrain,BH,1993,12.8700067450998,2.53886010362695,530225.0,17.0153363819107,Low
Bahrain,BH,1994,-0.250001381199439,0.816910897759778,544366.0,15.7248022647076,Low
Bahrain,BH,1995,3.92999239295094,2.70403475064704,558879.0,14.9389566082491,Low
Bahrain,BH,1996,4.11000631738246,-0.452227382530347,573792.0,13.9070398716136,Low
Bahrain,BH,1997,3.09299923370425,2.43155133955926,589115.0,14.916205663568,Low
Bahrain,BH,1998,4.79000359326143,-0.366533864541774,604842.0,18.6135552828644,Low
Bahrain,BH,1999,4.29999824426375,-1.28758797184909,620989.0,20.8358032721467,Low
Bahrain,BH,2000,5.30006940305884,-0.704852953090789,637582.0,25.7450148929614,Low
Bahrain,BH,2001,2.49094875338352,-1.20757180156659,661316.0,27.1047836328351,Low
Bahrain,BH,2002,3.34855067103268,-0.495540138751154,710553.0,28.3796671065326,Low
Bahrain,BH,2003,6.29644129075703,1.59362549800786,764517.0,32.4533576041094,Low
Bahrain,BH,2004,6.98096175867695,2.35294117647061,823741.0,29.3985591955441,Low
Bahrain,BH,2006,6.4669995195042,2.00746965452849,960424.0,20.2540605565848,Low
Bahrain,BH,2007,8.29396129093843,3.25666666666703,1039295.0,7.54545632569935,Low
Bahrain,BH,2008,6.24501094995797,3.52600316363721,1103496.0,7.2926256555605,Low
Bahrain,BH,2009,2.53988570158225,2.79551283550411,1178415.0,15.6294022913075,Low
Bahrain,BH,2010,4.3342989754845,1.96188468334623,1228543.0,29.0713708137176,Low
Bahrain,BH,2011,1.92815791170796,-0.40004069748808,1195020.0,34.5689325404164,Low
Bahrain,BH,2012,3.80302899043062,2.75739669962979,1208964.0,35.6065986264045,Low
Bahrain,BH,2013,5.29262224906203,3.30001156888442,1253191.0,42.2700248553772,Low
Bahrain,BH,2014,4.30885692657077,2.64755321246188,1314562.0,43.5275770260668,Low
Bahrain,BH,2015,2.50787205267615,1.84862742374976,1370322.0,60.7584088656577,Medium
Bahrain,BH,2016,3.81499327422425,2.78679347602044,1423726.0,70.5694533398636,Medium
Bahrain,BH,2017,4.95383534123657,1.38671830576406,1501116.0,77.5251429515026,Medium
Bahrain,BH,2018,2.05258864979861,2.08766938046978,1503091.0,84.3014580347853,Medium
Bahrain,BH,2019,2.05287774418655,1.00582004702136,1483756.0,91.3598106259863,High
Bahrain,BH,2020,-5.9113629524152,-2.31770629331378,1472204.0,111.598089477141,High
Bangladesh,BD,2001,5.07728777526728,2.0071737421384,136805810.0,31.4618431575804,Low
Bangladesh,BD,2002,3.83312393993225,3.33256493271912,138933658.0,31.863991518402,Low
Bangladesh,BD,2003,4.73956739963045,5.66870773441476,140970351.0,31.2044521104432,Low
Barbados,BB,2005,3.95545720757542,6.08218729535043,268706.0,63.7916238643802,Medium
Barbados,BB,2006,6.07054621673575,7.3076626282894,270002.0,62.3690591999655,Medium
Barbados,BB,2007,2.07918386258883,4.03422982885069,271288.0,66.8016267359889,Medium
Barbados,BB,2008,0.633460590858988,8.10810810810779,272714.0,71.0883224744168,Medium
Barbados,BB,2009,-5.01727538250874,3.64386189258337,274123.0,86.8542626598636,Medium
Barbados,BB,2010,-2.21771085628247,5.82421853311866,275243.0,76.4393226392145,Medium
Barbados,BB,2011,-0.310320187825369,9.4322024017722,276139.0,82.4489816884745,Medium
Barbados,BB,2012,-3.41390821153806,4.53334753888774,276938.0,90.2372160393651,High
Barbados,BB,2013,-1.771174940631,1.81410436049096,277665.0,99.4343885869565,High
Barbados,BB,2014,0.752615446604594,1.76950322089728,278348.0,108.313205218304,High
Barbados,BB,2015,-1.17048018967635,-1.11278992510958,278990.0,117.275144046752,High
Barbados,BB,2016,1.49650622520576,1.28192813061895,279598.0,125.131136441335,High
Belarus,BY,1993,-7.60000201957324,1190.22923349187,10239050.0,5.18781725888325,Low
Belarus,BY,1994,-11.7000038612152,2221.01656992039,10226955.0,75.9557129208116,Medium
Belarus,BY,1995,-10.4000003781854,709.346032118606,10193831.0,16.8800606245315,Low
Belarus,BY,1996,2.80000456599095,52.7120767531954,10159569.0,11.5201288580528,Low
Belarus,BY,1997,11.4000054007553,63.9373663357478,10117433.0,12.1714690728675,Low
Belarus,BY,1998,8.3999913697987,72.8697170535354,10071963.0,20.1805426390813,Low
Belarus,BY,1999,3.3999992040046,293.678750889772,10026738.0,15.103117448937,Low
Belarus,BY,2000,5.80000327485702,168.620235850933,9979610.0,15.0144518163306,Low
Belarus,BY,2001,4.72530605111095,61.1349331618476,9928549.0,11.440616774975,Low
Belarus,BY,2002,5.04526758311702,42.5375481348794,9865548.0,12.3366860124798,Low
Belarus,BY,2005,9.40000151584914,10.3388794457932,9663915.0,6.57022058767027,Low
Belarus,BY,2006,9.99999473022963,6.99712903535584,9604924.0,6.64440183178372,Low
Belarus,BY,2007,8.60000659811426,8.42675273505309,9560953.0,8.9092608163614,Low
Belarus,BY,2008,10.1999994860937,14.8378764828254,9527985.0,10.6566343685377,Low
Belarus,BY,2009,0.199995231733979,12.9456563410401,9504583.0,18.5574619808712,Low
Belarus,BY,2010,7.75001707500896,7.735748043125,9483836.0,18.905245726907,Low
Belarus,BY,2011,5.54997471638077,53.2286983118174,9461643.0,39.4168108447656,Low
Belarus,BY,2012,1.70785253368828,59.2197360232518,9446836.0,24.4293134230567,Low
Belarus,BY,2013,0.998719299661161,18.3122610377873,9443211.0,23.8372955552391,Low
Belarus,BY,2014,1.65112470228097,18.1195543526734,9448515.0,24.5487262642116,Low
Belarus,BY,2015,-3.82957056812593,13.5344897649734,9461076.0,37.5981780556757,Low
Belarus,BY,2016,-2.5264464460425,11.8365807653496,9469379.0,38.9240984107258,Low
Belarus,BY,2017,2.53218349471909,6.03183725177785,9458989.0,39.8801045313301,Low
Belarus,BY,2018,3.14919758275296,4.87230220550689,9438785.0,37.0957369908527,Low
Belarus,BY,2019,1.44645548204305,5.59815595039853,9419758.0,33.2442039424903,Low
Belize,BZ,1990,11.3429425965195,3.05907172995785,183076.0,21.2008791196748,Low
Belize,BZ,1991,11.7787032699319,0.761951500806879,187040.0,21.34863774194,Low
Belize,BZ,1992,12.7362233602929,2.39670073025188,190983.0,24.551156705335,Low
Belize,BZ,1993,6.13788542592131,1.47259694693679,194902.0,26.2914118966151,Low
Belize,BZ,1994,-0.0199863391166843,2.56934304644295,199097.0,27.971219349138,Low
Belize,BZ,1995,0.731558011871286,2.88961584372151,204146.0,27.5080847835654,Low
Belize,BZ,1996,1.10530578663676,5.96502097537242,210310.0,29.2899620868898,Low
Belize,BZ,2002,5.39907320663811,4.24026660688645,256009.0,50.4310172089739,Low
Belize,BZ,2003,9.66522679614125,2.31808274663101,263780.0,66.6155817914396,Medium
Belize,BZ,2004,4.78066505273344,6.39443099742398,271688.0,78.5645928230355,Medium
Belize,BZ,2005,2.2191905367057,-1.10431044411909,279731.0,69.6837899301797,Medium
Belize,BZ,2006,4.51145460193301,-7.11376771265013,287878.0,67.1012109617633,Medium
Belize,BZ,2007,3.33939738340764,2.3180827464202,296100.0,64.0974458625061,Medium
Belize,BZ,2008,-1.62747776449082,6.39443100250033,304361.0,62.033292116626,Medium
Belize,BZ,2009,-0.446709636828217,-1.10431044864355,312614.0,64.9499537251718,Medium
Belize,BZ,2010,1.41741099233461,0.917977378808887,320245.0,64.0391039757611,Medium
Belize,BZ,2011,-0.13007112300869,1.602056156402,327298.0,62.4120191090005,Medium
Belize,BZ,2012,3.94389321816617,1.30058074547858,334414.0,61.1385471733495,Medium
Belize,BZ,2013,4.06646561608865,0.50974776898322,341627.0,61.1342977094366,Medium
Belize,BZ,2014,3.89226067249989,1.20139964481057,348923.0,61.0308317738748,Medium
Bhutan,BT,1990,10.3831179126517,10.0118383223406,589287.0,53.3463593270416,Low
Bhutan,BT,1991,-0.407875722553669,12.2751729438892,599784.0,49.386292649567,Low
Bhutan,BT,1992,4.60089124887257,15.9752173615389,577774.0,47.4833533625875,Low
Bhutan,BT,1993,1.98636656014881,11.1980165874679,554673.0,40.9407963084292,Low
Bhutan,BT,1994,4.95150372472288,7.0099535500995,554497.0,34.4420204367148,Low
Bhutan,BT,1995,7.07411745757784,9.48754836789369,547989.0,28.2639492340235,Low
Bhutan,BT,1996,5.56517288179062,8.79001381935162,548784.0,37.853277255727,Low
Bhutan,BT,1997,5.37383854585261,6.50548718269086,558697.0,31.9367467746927,Low
Bhutan,BT,1998,5.91403093576604,10.5855899892463,569435.0,31.0826268923135,Low
Bhutan,BT,1999,7.98397179406629,6.77699393553632,582579.0,36.0933589086497,Low
Bhutan,BT,2000,3.35506838174288,4.01212081070342,596863.0,37.2923933577388,Low
Bhutan,BT,2001,7.32837435673082,3.41478946111594,610794.0,67.1679909951713,Medium
Bhutan,BT,2002,10.4437797168913,2.45535714285714,624409.0,54.1217805841119,Low
Bhutan,BT,2003,7.78656040877364,2.57230861693339,637663.0,65.6287612724923,Medium
Bhutan,BT,2004,5.15725736177561,4.10593698272957,650544.0,71.8993384935838,Medium
Bhutan,BT,2005,6.93507146766659,5.3126310463775,661865.0,75.6957100342792,Medium
Bhutan,BT,2006,5.6408051539139,5.0004543802254,670799.0,71.297555656776,Medium
Bhutan,BT,2007,16.1047836542012,5.15611138758462,678641.0,59.811072814383,Low
Bhutan,BT,2008,4.52944877696235,8.32716049382712,686351.0,57.6965298565065,Low
Bhutan,BT,2009,7.66749238553135,4.36112219119804,693988.0,53.9367496631031,Low
Bhutan,BT,2010,11.9318738376229,7.03638316073018,701632.0,50.9195301727763,Low
Bhutan,BT,2011,8.4892584842808,8.848985699468,709377.0,57.5496480907902,Low
Bhutan,BT,2012,5.16482012683895,10.919656944683,717279.0,67.0148156229242,Medium
Bhutan,BT,2013,1.73634039505693,8.77638345268212,725273.0,88.9492144824279,Medium
Bhutan,BT,2014,5.88108550658288,8.27106093949327,733139.0,84.9990711320017,Medium
Bhutan,BT,2015,6.66080128866197,4.54814395082205,740618.0,81.0505609933361,Medium
Bhutan,BT,2016,8.47594339232963,3.21988689395717,747866.0,92.2912012820179,High
Bhutan,BT,2017,2.08684522733067,4.95508366985129,754335.0,95.7786849944102,High
Bhutan,BT,2018,3.50187185732737,2.72396386183713,759759.0,95.847821202237,High
Bhutan,BT,2019,5.75514851246506,2.72643037388832,764824.0,90.3573525676224,High
Bhutan,BT,2020,-10.2183974208569,5.62936522632507,770006.0,111.007884099526,High
Bolivia,BO,1994,4.6672651026673,7.87404421467434,7727322.0,59.1717241709186,Low
Bolivia,BO,1995,4.67827659710034,10.1932067630745,7874676.0,57.4113793922892,Low
Bolivia,BO,1996,4.36134195244541,12.4254866180049,8021736.0,47.8828066229933,Low
Bolivia,BO,1997,4.95420874299724,4.70844436028192,8167900.0,46.5365054086561,Low
Bolivia,BO,1998,5.02935475543048,7.67322895675083,8313394.0,47.0751925934341,Low
Bolivia,BO,1999,0.426885422588768,2.15951626835597,8459806.0,56.2575829839375,Low
Bolivia,BO,2000,2.50781080899505,4.60822998872598,8606326.0,60.1091977404058,Medium
Bolivia,BO,2001,1.68379912721821,1.58965377879567,8752736.0,68.3398527645303,Medium
Bosnia and Herzegovina,BA,2011,0.959511709726897,3.67125,3741798.0,45.8346942869169,Low
Bosnia and Herzegovina,BA,2012,-0.821837252962993,2.05267452001717,3670113.0,49.0902635279898,Low
Bosnia and Herzegovina,BA,2013,2.34985873172397,-0.0930456838317588,3610859.0,49.6097495387668,Low
Bosnia and Herzegovina,BA,2014,1.15384793371298,-0.897194054194333,3564829.0,53.5008593062732,Low
Bosnia and Herzegovina,BA,2016,3.24225822231566,-1.58410000000001,3473003.0,52.2381270463661,Low
Bosnia and Herzegovina,BA,2017,3.24409895306594,0.810133321953038,3428682.0,47.3715635812666,Low
Bosnia and Herzegovina,BA,2018,3.82900399349064,1.41710814018033,3387000.0,44.8932316814539,Low
Bosnia and Herzegovina,BA,2019,2.88585242083978,0.56278215406123,3345533.0,44.0235714265967,Low
Bosnia and Herzegovina,BA,2020,-3.01509335460439,-1.05129600763489,3299349.0,45.4216327901094,Low
Bosnia and Herzegovina,BA,2021,7.39164256472846,1.98163900587622,3244907.0,46.974819377832,Low
Bosnia and Herzegovina,BA,2022,4.22681333390325,14.0208440826771,3204802.0,41.7435105198961,Low
Bosnia and Herzegovina,BA,2023,1.99439414850893,6.1059011284828,3185073.0,40.3101186314933,Low
Bosnia and Herzegovina,BA,2024,2.9715174617652,1.69212733599723,3164253.0,39.9087988103405,Low
Botswana,BW,1990,6.77282195004784,11.3963461199555,1305696.0,11.3711032492715,Low
Botswana,BW,1991,7.45870921940397,11.7650160839534,1341756.0,12.1168020575228,Low
Botswana,BW,1992,2.91707018751026,16.1676123963339,1380033.0,12.5321505732804,Low
Botswana,BW,1993,1.9161070518754,14.3308033365887,1420115.0,12.4450599461028,Low
Botswana,BW,1994,3.62791615172975,10.5429209938218,1460023.0,12.0423976352474,Low
Botswana,BW,1995,7.03041024834083,10.512546081579,1498836.0,10.972076070214,Low
Botswana,BW,1996,5.82980001379714,10.0828580652107,1535914.0,11.1567555492122,Low
Botswana,BW,2006,8.36387109282306,11.5552187914379,1874516.0,6.02356808660498,Low
Botswana,BW,2007,5.79255577727118,7.08099847172692,1911201.0,5.9431764131185,Low
Botswana,BW,2008,3.25207295796832,12.7021883920075,1949970.0,8.00402997376666,Low
Botswana,BW,2009,-14.1442346163423,8.02729703109581,1990673.0,19.2517818685668,Low
Botswana,BW,2010,10.119723322694,6.94887658743103,2033111.0,21.8862970525722,Low
Botswana,BW,2011,6.83841052493574,8.45987233408583,2073535.0,21.0743622822987,Low
Botswana,BW,2012,-0.170857099335691,7.53690261091916,2108617.0,20.6231807851092,Low
Botswana,BW,2013,11.1029068737822,5.88460707056816,2140682.0,19.0163812887175,Low
Botswana,BW,2014,5.69714422072884,4.40225309243427,2172044.0,18.3257336074772,Low
Botswana,BW,2015,-4.85132507409779,3.06203169580557,2203273.0,19.086977673602,Low
Botswana,BW,2016,7.20442475914267,2.81495791361943,2234776.0,15.8049523139869,Low
Botswana,BW,2017,4.11437856445083,3.30828076768219,2266747.0,14.6807691758665,Low
Botswana,BW,2018,4.18869237159223,3.23801558947715,2299141.0,15.2307151442609,Low
Botswana,BW,2019,3.0317733945467,2.7728644286332,2332083.0,16.193904309718,Low
Botswana,BW,2020,-8.72888243996397,1.8903591682421,2365894.0,19.6161332466694,Low
Brazil,BR,2010,7.52822581812151,5.03872690108074,193701929.0,61.3187804637225,Medium
Brazil,BR,2011,3.97442307944702,6.6364496221309,195284734.0,59.3416583034432,Low
Brazil,BR,2012,1.92117598509462,5.40349914036997,196876111.0,59.8494900003683,Low
Brazil,BR,2013,3.0048226702888,6.204310666401,198478299.0,57.2284093842608,Low
Brazil,BR,2014,0.503955740273241,6.32904015516138,200085127.0,58.4572711057739,Low
Brazil,BR,2015,-3.54576339347278,9.02990102416136,201675532.0,67.5375540307946,Medium
Brazil,BR,2016,-3.2759169063211,8.73914352329393,203218114.0,73.4188038019563,Medium
Brazil,BR,2017,1.32286905390815,3.44637335032669,204703445.0,83.6692026491606,Medium
Brazil,BR,2018,1.78366676137003,3.66485028376728,206107261.0,86.6078841212333,Medium
Brazil,BR,2019,1.22077782271943,3.73297621216893,207455459.0,92.5652531951269,High
Brazil,BR,2020,-3.27675879612903,3.21176803803376,208660842.0,98.7098819471851,High
Brazil,BR,2021,4.7626043797061,8.30165975585673,209550294.0,85.011503676948,Medium
Brazil,BR,2022,3.01669435408112,9.28010608956872,210306415.0,79.1023218880378,Medium
Brazil,BR,2023,3.24165532813583,4.59356282283203,211140729.0,83.0317498523499,Medium
Brazil,BR,2024,3.41931516597739,4.36746407652336,211998573.0,81.8554431189056,Medium
Burkina Faso,BF,2018,6.60456906812341,1.95594302672532,20438288.0,45.5738610534927,Low
Burkina Faso,BF,2019,5.88920497068135,-3.23338933983321,20961952.0,47.0623633717549,Low
Burkina Faso,BF,2020,2.01077262406221,1.88470066518847,21478690.0,73.3851925518101,Medium
Burkina Faso,BF,2021,6.94252492572348,3.65326761825508,21995243.0,55.5822235545459,Low
Burkina Faso,BF,2022,1.62673258211919,14.2902354303358,22509038.0,63.1897248087734,Medium
Burkina Faso,BF,2023,3.00027415814125,0.742910428668917,23025776.0,61.9320439111455,Medium
Cambodia,KH,2021,3.08984284148661,2.92073477592949,16974305.0,28.0325110484223,Low
Cambodia,KH,2022,5.12990110773977,5.34370264895437,17201724.0,27.4923946808839,Low
Cambodia,KH,2023,5.00733043811898,2.12746796594194,17423880.0,50.3420177209934,Low
Cameroon,CM,1990,-6.10569764600656,1.09938128383608,11331821.0,35.6686948009612,Low
Cameroon,CM,1991,-3.80859937279318,0.0600513305003454,11667180.0,48.8665341962956,Low
Cameroon,CM,1992,-3.10000321081914,-0.0160550458717418,12006353.0,58.646137344434,Low
Cameroon,CM,1993,-7.93206657447536,-3.20655456915868,12353131.0,48.5973153695346,Low
Cameroon,CM,1994,1.87680922580404,35.0944618459464,12704903.0,106.500522736019,High
Cameroon,CM,1995,2.89400137739698,9.06969071921509,13058516.0,106.280979179561,High
Cameroon,CM,1998,4.72553484802563,3.17075185386906,14144860.0,84.8102640173471,Medium
Cameroon,CM,1999,4.51130422140731,1.87174500672008,14525140.0,79.4576584012943,Medium
Canada,CA,1990,0.202947874139198,4.78047693336304,27691138.0,61.7622404568793,Medium
Canada,CA,1991,-2.0910550979319,5.62586408593005,28037420.0,67.4447435281779,Medium
Canada,CA,1992,0.890466180427183,1.49013290374545,28371264.0,70.7020527924547,Medium
Canada,CA,1993,2.65770691557481,1.86507936507938,28684764.0,75.1877082393509,Medium
Canada,CA,1994,4.49404929532982,0.165562913907291,29000663.0,75.9438464996237,Medium
Canada,CA,1995,2.68232822733793,2.14876033057849,29302311.0,77.3126219756355,Medium
Canada,CA,1996,1.68896122499937,1.57053112507137,29610218.0,78.0386679289258,Medium
Canada,CA,1997,4.28016683621337,1.6212163808453,29905948.0,74.9284095733244,Medium
Canada,CA,1998,3.89288654344983,0.995942456658019,30155173.0,72.4827997563099,Medium
Canada,CA,1999,5.14100353715349,1.73484295105918,30401286.0,66.245831750035,Medium
Canada,CA,2000,5.1385391803606,2.71943995691976,30685730.0,58.7379742383571,Low
Canada,CA,2001,1.87509810696022,2.52512013979905,31020855.0,57.4583564504362,Low
Canada,CA,2002,2.99925535017809,2.25839440940855,31359199.0,54.1491194927984,Low
Canada,CA,2003,1.80638512302554,2.75856321360112,31642461.0,51.2713370557453,Low
Canada,CA,2004,3.09236384292251,1.85725871857256,31938807.0,46.8009858324025,Low
Canada,CA,2005,3.21045439063563,2.21355203439767,32242732.0,46.0616514241618,Low
Canada,CA,2006,2.63794375007348,2.00202539534161,32571193.0,43.2916781929928,Low
Canada,CA,2007,2.04990463726786,2.13838399266837,32888886.0,39.1585639491399,Low
Canada,CA,2008,0.995406301140747,2.37027067444298,33247298.0,45.3205112731135,Low
Canada,CA,2009,-2.91508621550267,0.299466803009299,33630069.0,53.1924466726998,Low
Canada,CA,2010,3.09080634469335,1.77687154092627,34005902.0,53.1497329605545,Low
Canada,CA,2011,3.13719442170364,2.91213508872351,34339221.0,54.1193858391726,Low
Canada,CA,2012,1.75566129145483,1.51567823124516,34713395.0,55.7251649377054,Low
Canada,CA,2013,2.32581354806429,0.938291897815316,35080992.0,53.200869076551,Low
Canada,CA,2014,2.87346677785811,1.90663590717861,35434066.0,51.4827081297932,Low
Canada,CA,2015,0.649971001734855,1.12524136094277,35704498.0,55.9915837788793,Low
Canada,CA,2016,1.03855092490855,1.42875954701085,36110803.0,56.0236243991088,Low
Canada,CA,2017,3.03383491200222,1.59688412852976,36545075.0,54.4625651849142,Low
Canada,CA,2018,2.74296344906655,2.26822567248103,37072620.0,53.1515356456582,Low
Canada,CA,2019,1.90843194590616,1.94926902411592,37618495.0,53.3623246913959,Low
Canada,CA,2020,-5.03823343468899,0.716999632307827,38028638.0,74.5544073791525,Medium
Canada,CA,2021,5.95052802804381,3.39519318527527,38239864.0,68.7795713723483,Medium
Canada,CA,2022,4.18903628100851,6.80280115341612,38935934.0,59.704132672031,Low
Canada,CA,2023,1.52874550838358,3.87900159788425,40083484.0,61.1023208728582,Medium
Canada,CA,2024,1.55479521049516,2.38158383281173,41288599.0,64.8871578917218,Medium
Chile,CL,1995,9.25542757753573,8.23263034116114,14527381.0,17.2839264386827,Low
Chile,CL,1996,7.1148626270751,7.35911781788767,14734046.0,14.5844761379403,Low
Chile,CL,1997,7.3917392684331,6.13386464357927,14932434.0,12.7798231847422,Low
Chile,CL,1998,4.18088662700669,5.11024954517559,15127799.0,12.1152964039874,Low
Chile,CL,1999,-0.2736313981937,3.33687917526023,15319313.0,13.2770070103556,Low
Chile,CL,2000,4.9716214882971,3.84327295706565,15503635.0,13.1456400046218,Low
Colombia,CO,1998,0.569784088434517,18.6769799276671,37792165.0,5.40391549112143,Low
Colombia,CO,1999,-4.20401524244947,10.873687085747,38454863.0,19.0653508704071,Low
Colombia,CO,2000,2.92486148176778,9.22534818585365,39089934.0,17.7090216802298,Low
Colombia,CO,2003,3.91827190322513,7.1297886294186,40937429.0,52.535419533379,Low
Colombia,CO,2008,3.28344618616541,6.9968849555451,43758808.0,65.2450803056946,Medium
Colombia,CO,2009,1.13964864548062,4.20251661216481,44271541.0,68.9990033374936,Medium
Colombia,CO,2010,4.49465897070922,2.27200227892008,44777319.0,72.4526699261111,Medium
Colombia,CO,2011,6.94789198173555,3.4150334477625,45259614.0,62.8601328222053,Medium
Colombia,CO,2012,3.91263576716115,3.16930188840055,45715810.0,65.227695883164,Medium
Colombia,CO,2013,5.13399351995672,2.01699224310383,46151584.0,67.1029119456429,Medium
Colombia,CO,2014,4.49903000110972,2.89883787761737,46565429.0,47.9761695160459,Low
Colombia,CO,2015,2.95590137527523,4.98983115849529,46969940.0,53.2785874737167,Low
Colombia,CO,2016,2.08738250162794,7.51346024627674,47437512.0,66.9071609125065,Medium
Colombia,CO,2017,1.35936086788746,4.3143132569501,48131078.0,66.7272478472146,Medium
Colombia,CO,2018,2.56432428277704,3.24056932930569,49024465.0,71.6505702481056,Medium
Colombia,CO,2019,3.18685539245533,3.52301932741446,49907985.0,72.7038785770822,Medium
Colombia,CO,2020,-7.18591413760859,2.52663500084706,50629997.0,91.1566069449736,High
Colombia,CO,2021,10.8011981904878,3.49505757399448,51188173.0,80.4259616037106,Medium
Colombia,CO,2022,7.32827729427979,10.1772313546166,51737944.0,70.2611599864283,Medium
Colombia,CO,2023,0.712380031974334,11.7359044948689,52321152.0,71.3312731896082,Medium
Colombia,CO,2024,1.5983315366523,6.60908593728228,52886363.0,71.4831261616001,Medium
"Congo, Dem. Rep.",CD,1990,-6.56831069464245,81.295404814004,36684063.0,289.844727083008,High
"Congo, Dem. Rep.",CD,1991,-8.42105149913377,2154.4368271134,37925817.0,113.584666666667,High
"Congo, Dem. Rep.",CD,1992,-10.5000085646478,4129.16985661558,39228910.0,128.444708097928,High
"Congo, Dem. Rep.",CD,1993,-13.469050538128,1986.90476190475,40656336.0,104.00210747895,High
"Congo, Dem. Rep.",CD,1994,-3.89999680312374,23773.1317741015,42626876.0,169.786611378329,High
"Congo, Dem. Rep.",CD,1995,0.699998829794396,541.908883239026,44433704.0,232.936231054902,High
"Congo, Dem. Rep.",CD,1996,-1.02317264199921,492.441850235414,45296124.0,243.595506269697,High
"Congo, Dem. Rep.",CD,1997,-5.61704659870092,198.516707416462,46029902.0,152.187001902338,High
"Congo, Rep.",CG,2009,11.6372888615758,4.41500374795223,4281219.0,60.2269417189103,Medium
"Congo, Rep.",CG,2010,9.93126543095578,0.391525011227612,4462290.0,25.4826844740907,Low
Costa Rica,CR,1996,1.35045949139338,17.5114524814591,3619013.0,30.0982111795656,Low
Costa Rica,CR,1997,5.4761657765486,13.2480440791191,3701711.0,30.1790308643986,Low
Costa Rica,CR,1998,7.15530857859194,11.6592997742233,3782838.0,40.2051024300097,Low
Costa Rica,CR,1999,4.21481117123987,10.0452817292494,3862101.0,40.1048028944163,Low
Costa Rica,CR,2000,3.86871808953644,10.9615496593622,3937739.0,38.5018488599169,Low
Costa Rica,CR,2001,3.49116989434005,11.2556157091171,4008947.0,39.3351119117989,Low
Cote d'Ivoire,CI,1995,7.12574472834217,14.2950690851944,14855565.0,171.065442627283,High
Cyprus,CY,1990,7.40399951139527,4.50205462895842,788351.0,50.6956998515188,Low
Cyprus,CY,1991,0.739501434263062,5.03527438848104,798944.0,56.411185995744,Low
Cyprus,CY,1992,9.39999830664647,6.51021953065818,810341.0,56.0891425468354,Low
Cyprus,CY,1993,0.700000765065823,4.85416666666692,826034.0,58.7207992723831,Low
Cyprus,CY,1994,5.89999928523103,4.6985893105498,844667.0,53.6510804601294,Low
Czechia,CZ,1993,0.0619042423607254,20.8130295438428,10329855.0,15.7297302900884,Low
Czechia,CZ,1994,2.90930948412982,10.039429835143,10333587.0,13.9974227725367,Low
Denmark,DK,1991,1.45818005306188,2.39515331724416,5154298.0,62.1550956180596,Medium
Denmark,DK,1992,2.0228112415746,2.09604442933213,5171370.0,66.6053260676425,Medium
Denmark,DK,1993,-0.078900412805325,1.2578566795326,5188628.0,78.2852478726662,Medium
Denmark,DK,1994,5.29469615156448,1.99201463809517,5206180.0,75.3312600417617,Medium
Dominican Republic,DO,1996,5.96119319380874,5.39929385038922,8032894.0,20.9601830753133,Low
Dominican Republic,DO,1997,8.89955230035797,8.29656754792045,8174078.0,17.5702324990029,Low
Dominican Republic,DO,1999,5.95651024999543,6.47054186846928,8446208.0,16.4168038368014,Low
"Egypt, Arab Rep.",EG,2007,7.08782742681038,9.31896905799229,84276225.0,85.7885338345865,Medium
El Salvador,SV,1998,2.65227730016461,2.54705977554151,5880781.0,24.6529338880384,Low
El Salvador,SV,1999,2.16203373722973,0.514827130192979,5913900.0,28.1906634561591,Low
El Salvador,SV,2000,1.12790697674419,2.27128756828723,5943366.0,27.376408936306,Low
El Salvador,SV,2001,0.879613659882722,3.7508205747202,5968060.0,35.370552538118,Low
El Salvador,SV,2002,1.57291844759789,1.86552503610077,5986631.0,62.446945384262,Medium
El Salvador,SV,2003,1.56539303147618,2.1203909173333,5998599.0,57.9112234090821,Low
El Salvador,SV,2004,0.889404485692197,4.45194392395045,6004671.0,56.5005963032977,Low
El Salvador,SV,2005,2.68083009363194,4.69094870903769,6005578.0,56.2158116750578,Low
El Salvador,SV,2006,4.3369986028604,4.03712359429612,6002319.0,50.5122222715281,Low
El Salvador,SV,2007,1.84760220587859,4.57808572377153,6009824.0,48.4823724778462,Low
El Salvador,SV,2008,2.15440298282768,6.70792293515939,6029297.0,48.4269376195663,Low
El Salvador,SV,2009,-2.10876837627522,1.05595029731201,6048279.0,58.1469205675387,Low
El Salvador,SV,2010,2.15419536693635,1.17933576873673,6068249.0,57.4942866187624,Low
El Salvador,SV,2011,3.77358499834686,5.1289237668161,6090127.0,54.5625709816415,Low
El Salvador,SV,2012,2.88770010188691,1.72973481581383,6113975.0,54.8523398142256,Low
El Salvador,SV,2013,2.18295232499635,0.757669184522973,6138839.0,62.3992767937371,Medium
El Salvador,SV,2014,1.7293998423459,1.14134467538233,6162955.0,50.8379544344007,Low
El Salvador,SV,2015,2.40000008852115,-0.731384487387957,6183676.0,51.2784032678648,Low
El Salvador,SV,2016,2.53906241135864,0.60404908699661,6200800.0,52.0656561693955,Low
El Salvador,SV,2017,2.24761908134138,1.0123540331558,6213533.0,55.248518820306,Low
El Salvador,SV,2018,2.4124442237792,1.09033000581892,6219807.0,52.2142820084663,Low
El Salvador,SV,2019,2.43747159065784,0.0753241350024612,6222318.0,53.8790393562178,Low
El Salvador,SV,2020,-7.893101359867,-0.371590212324095,6234673.0,70.3842794023881,Medium
El Salvador,SV,2021,11.9047617015957,3.46692585313082,6255782.0,66.4690525886664,Medium
El Salvador,SV,2022,2.95461516549889,7.19861615609867,6280319.0,74.0361190983906,Medium
El Salvador,SV,2023,3.5391566928735,4.04554694222477,6309624.0,102.190173433284,High
El Salvador,SV,2024,2.60202016121069,0.853782292567288,6338193.0,105.804728748456,High
Eswatini,SZ,1999,2.95087531226599,6.08886063431493,1030782.0,22.7106420776584,Low
Eswatini,SZ,2010,3.82443487429767,4.50923691774369,1111650.0,12.9613211155748,Low
Eswatini,SZ,2011,1.83973625916165,6.10742714590251,1117833.0,12.7705717318626,Low
Eswatini,SZ,2012,4.09048190124592,8.93964682788212,1123863.0,13.2587988833004,Low
Eswatini,SZ,2014,2.05738179246586,5.68134885776447,1136299.0,14.3086225605816,Low
Eswatini,SZ,2015,1.70425806017289,4.95124493704919,1142813.0,16.3848798476003,Low
Eswatini,SZ,2016,2.94916821059911,7.8472745908568,1149507.0,20.5460181439876,Low
Eswatini,SZ,2017,3.52095345987983,6.22137528933118,1158195.0,21.886341638627,Low
Eswatini,SZ,2018,0.0653956557843571,4.81506167461513,1168929.0,27.1148162836527,Low
Eswatini,SZ,2019,6.43186888691574,2.59801620311077,1179874.0,29.8019704155602,Low
Ethiopia,ET,1990,2.72645178272684,5.15248124174767,47609755.0,47.1758923635809,Low
Ethiopia,ET,1991,-7.13747971659305,35.7225982298715,49717198.0,49.6471547793914,Low
Ethiopia,ET,1992,-8.6724801143672,10.5274440119592,51853747.0,43.3007948756543,Low
Ethiopia,ET,1993,13.1428339363255,3.54306596166032,53708891.0,71.5033855542775,Medium
Ethiopia,ET,1994,3.18996458331273,7.59387600185336,55611508.0,90.2523100095927,High
Ethiopia,ET,1995,6.12751141587474,10.0221733553238,57537335.0,80.6182076424932,Medium
Ethiopia,ET,1996,12.4261737814951,-8.48424868948825,59467635.0,70.3936489385985,Medium
Ethiopia,ET,1997,3.1339068517801,2.39520958083829,61404539.0,67.7317426757118,Medium
Ethiopia,ET,1998,-3.4581391346848,0.894801693964106,63363524.0,76.0638442706389,Medium
Ethiopia,ET,1999,5.16214582255112,7.94144864137325,65374561.0,83.4720247831402,Medium
Ethiopia,ET,2013,10.5822700502552,7.46402192944517,98438751.0,10.733283781495,Low
Ethiopia,ET,2014,10.2574929627477,6.89001951597191,101115610.0,26.9372797365191,Low
Ethiopia,ET,2015,10.3924630141307,9.56889955968623,103867135.0,27.9431250379303,Low
Ethiopia,ET,2016,9.43348265981905,6.62813337230924,106718162.0,29.0056817322355,Low
Ethiopia,ET,2017,9.56418965754014,10.6871150284238,109666481.0,30.0951138170263,Low
Ethiopia,ET,2018,6.81614778557282,13.8330356586661,112664152.0,32.5332245901733,Low
Ethiopia,ET,2019,8.36408573314054,15.8096321719344,115737383.0,31.4488445669584,Low
Fiji,FJ,1991,-2.7000037309646,6.49734555984547,779656.0,36.8418217433888,Low
Fiji,FJ,1992,6.10000190987678,4.88302271568615,785346.0,33.6735845779785,Low
Fiji,FJ,1993,2.13003242138259,5.20658925195764,790369.0,36.5383548067393,Low
Fiji,FJ,1994,5.09999960852183,0.816666666667011,794771.0,36.6282593243799,Low
Finland,FI,1990,0.691649917806032,6.14956531179849,4986431.0,10.4750437379078,Low
Finland,FI,1991,-5.88059618513641,4.31021289843465,5013740.0,17.01269264076,Low
Finland,FI,1992,-3.31137361706595,2.91932319285011,5041992.0,34.1053360183611,Low
Finland,FI,1993,-0.779815061561479,2.19065319556436,5066447.0,51.6838492204665,Low
Finland,FI,1994,3.96437283726799,1.08855677589404,5088333.0,58.3135962623348,Low
Georgia,GE,1995,2.59657506969336,162.717152150377,4657722.0,61.051634865257,Medium
Georgia,GE,1996,11.2025463861501,39.3574999987146,4491699.0,46.4029985782603,Low
Georgia,GE,1997,10.5208042446244,7.08761762948726,4349913.0,45.902215196821,Low
Georgia,GE,1998,3.10150969616576,3.56680781278783,4243607.0,56.9064733876267,Low
Georgia,GE,1999,2.86729567454968,19.1926758218895,4157192.0,60.7776033305696,Medium
Georgia,GE,2000,1.84038117927339,4.06396201382596,4077131.0,58.5196339627013,Low
Georgia,GE,2001,4.80729867243699,4.64604442058634,4014373.0,56.0323643991609,Low
Georgia,GE,2002,5.47402488700408,5.58783730000794,3978515.0,55.4493025751073,Low
Georgia,GE,2003,11.0570310020104,0.837734531536568,3951736.0,45.5074088345535,Low
Georgia,GE,2004,5.79268292682926,5.65632636191132,3927340.0,36.9156072188349,Low
Georgia,GE,2005,9.59113832853026,8.24709043114158,3902469.0,29.2292335361289,Low
Georgia,GE,2006,9.42148081189909,9.16096508394497,3880347.0,23.090087672862,Low
Georgia,GE,2007,12.5755698246405,9.24489745592404,3860158.0,19.2040626581459,Low
Georgia,GE,2008,2.42161440960641,9.99948761552747,3848449.0,23.4732554299105,Low
Georgia,GE,2009,-3.65075229596822,1.7275146113791,3814419.0,30.8567774936061,Low
Georgia,GE,2010,6.24640865303363,7.11017897486099,3786695.0,31.4208316402546,Low
Georgia,GE,2011,7.9343365253078,8.5429333333333,3756441.0,27.6972297789187,Low
Georgia,GE,2012,6.57883101954195,-0.943658853270964,3728874.0,28.1048141377209,Low
Georgia,GE,2013,5.13288531209382,-0.512058410947092,3717668.0,28.9477658041046,Low
Georgia,GE,2014,4.09049059581743,3.06881210379543,3719414.0,30.3921568627451,Low
Georgia,GE,2015,3.35102350265353,4.00357820695097,3725276.0,36.0003473428274,Low
Georgia,GE,2016,3.45021517996871,2.13492713939121,3727505.0,39.4788389461877,Low
Georgia,GE,2017,5.15990261658827,6.03531725272117,3728004.0,38.8413159167876,Low
Georgia,GE,2018,6.062036412677,2.6152447139767,3726549.0,38.2238727024287,Low
Georgia,GE,2019,5.38071926589951,4.85289821696723,3720161.0,44.723685798174,Low
Georgia,GE,2020,-6.2904717853839,5.2024648897534,3722716.0,65.193315792645,Medium
Georgia,GE,2021,10.6442336580969,9.56691433824769,3708610.0,54.7271260127791,Low
Georgia,GE,2022,10.9585321385624,11.8981654203198,3712502.0,42.9693933571232,Low
Georgia,GE,2023,7.83220126555726,2.48776056578715,3715483.0,43.4063813624702,Low
Georgia,GE,2024,9.67979387500691,1.10971758022096,3699557.0,40.0993201611166,Low
Germany,DE,1990,5.25500610110028,2.69646824292392,79433029.0,20.8541847518408,Low
Guatemala,GT,1990,3.10256317557587,41.2218671380973,9024773.0,24.4806851423724,Low
Guatemala,GT,1991,3.65824875006811,33.1664219167535,9272584.0,17.7517913078306,Low
Guatemala,GT,1992,4.83833884688683,10.0459179984088,9522266.0,15.8312193134152,Low
Guatemala,GT,1993,3.92713194504024,11.8196901746257,9779761.0,13.6225081203374,Low
Guatemala,GT,1994,4.03374149641458,10.8553211494391,10043718.0,13.1619490409219,Low
Guatemala,GT,1995,4.94854750210382,8.41141312270566,10312996.0,11.404999017517,Low
Guatemala,GT,1996,2.95777988740716,11.0569165321987,10583526.0,11.2418328744629,Low
Guatemala,GT,1997,4.36408994678341,9.23290294884935,10857754.0,11.3452176738095,Low
Guatemala,GT,1998,4.99352780305848,6.61346070518058,11139145.0,11.2801678443371,Low
Guatemala,GT,1999,3.8470621889051,5.21361058601122,11422965.0,13.4701885924417,Low
Guatemala,GT,2000,3.6088687174876,5.97757734737136,11697592.0,16.9838230125753,Low
Guatemala,GT,2001,2.33257486608854,7.28587366610138,11969422.0,20.2690233179284,Low
Guatemala,GT,2002,3.83928708556792,8.13263054281054,12246915.0,18.692477319178,Low
Guatemala,GT,2003,2.56037766801896,5.60347675434469,12525842.0,21.0384409661569,Low
Guatemala,GT,2004,3.13791683609193,7.57862247309729,12807402.0,22.1444573926966,Low
Guatemala,GT,2005,3.27602692588886,9.1086498571922,13087629.0,21.6021201382389,Low
Guatemala,GT,2006,5.35139778711536,6.56085282795384,13367459.0,22.2347729614565,Low
Guatemala,GT,2007,6.33771869016203,6.82161753590326,13652040.0,21.986997531652,Low
Guatemala,GT,2008,3.29352400028485,11.355761126315,13935174.0,20.383408037295,Low
Guatemala,GT,2009,0.476898106596394,1.85910254733028,14215611.0,23.3939731993278,Low
Guatemala,GT,2010,2.88417542800377,3.8595090983316,14500112.0,24.8169594138567,Low
Guatemala,GT,2011,4.16390688293349,6.214123930671,14792126.0,24.5639597782709,Low
Guatemala,GT,2012,2.97470856847661,3.78180754679678,15089647.0,24.7007424112068,Low
Guatemala,GT,2013,3.69481894978053,4.34337131279521,15387337.0,25.2099619740494,Low
Hungary,HU,1991,-11.8920408618435,34.8175429072704,10373400.0,70.9952478217972,Medium
Hungary,HU,1992,-3.06418034558638,23.6557207806552,10369341.0,75.2294883851339,Medium
Hungary,HU,1993,-0.576108518425613,22.4642346133809,10357523.0,85.8326049732293,Medium
Hungary,HU,1994,2.94715455541068,18.8680749869283,10343355.0,83.0469530647097,Medium
Hungary,HU,1995,1.48952547593046,28.3054683706654,10328965.0,85.8203212523294,Medium
Hungary,HU,1996,0.101234227633242,23.4690301919185,10311238.0,74.7576590917356,Medium
Hungary,HU,1997,2.97787906543104,18.3050744143799,10290486.0,67.4611511327672,Medium
Hungary,HU,1998,3.84810814449837,14.153789654534,10266570.0,64.5097773202654,Medium
Hungary,HU,1999,3.08605811588221,9.99774409303368,10237530.0,67.0579928043385,Medium
Hungary,HU,2000,4.40937501806403,9.80361016908125,10210971.0,61.6159572531064,Medium
Hungary,HU,2001,4.06202617226026,9.11680911680911,10187576.0,59.8612785648418,Low
Hungary,HU,2002,4.73006530805553,5.26544821583985,10158608.0,59.6833271190358,Low
Hungary,HU,2003,3.93877761242727,4.66101694915254,10129552.0,60.5731508002625,Medium
Hungary,HU,2004,4.96312536156307,6.74434679569469,10107146.0,63.7677193421039,Medium
Hungary,HU,2005,4.30028318461673,3.56151711378352,10087065.0,65.8167847155483,Medium
Hungary,HU,2006,3.93393162712054,3.93032603841001,10071370.0,68.8174002831763,Medium
Hungary,HU,2007,0.332354337878925,7.9587451654491,10055780.0,69.6770160641219,Medium
Hungary,HU,2008,0.993437085479655,6.0425125388106,10038188.0,73.3327228037818,Medium
Hungary,HU,2009,-6.7401660845502,4.21171171171171,10022650.0,81.9727102365894,Medium
Hungary,HU,2010,1.06795068152046,4.85555795691956,10000023.0,81.9782851366397,Medium
Hungary,HU,2011,1.91670916599742,3.9299209893507,9971727.0,91.2838583706876,High
Hungary,HU,2012,-1.33948446518181,5.65214517088646,9920362.0,95.209254283133,High
Hungary,HU,2013,2.03216990678146,1.73319984983101,9872734.0,95.9738781592431,High
Hungary,HU,2014,4.33435364113967,-0.227566270988219,9833038.0,100.093027733158,High
Hungary,HU,2015,3.65981615406955,-0.0616446800641672,9797755.0,98.3779020318993,High
Hungary,HU,2016,2.43864141309342,0.394769306686392,9759755.0,98.6243511146021,High
Hungary,HU,2017,4.12418389451805,2.34824281150154,9726756.0,93.7843161146645,High
Hungary,HU,2018,5.60613813768876,2.85024792594646,9706964.0,88.0341072816668,Medium
Hungary,HU,2019,5.07718495088933,3.33858635382008,9694824.0,84.5853805934757,Medium
Hungary,HU,2020,-4.33872540024058,3.32674385766738,9670419.0,97.2770501317352,High
Hungary,HU,2021,7.22291580811137,5.11096534382855,9630932.0,88.7340289766468,Medium
Hungary,HU,2022,4.15238057779229,14.6081439492433,9605074.0,77.9862613165307,Medium
Hungary,HU,2023,-0.817107370513455,17.1249659678737,9592186.0,82.2901905933258,Medium
Hungary,HU,2024,0.560117843140432,3.70370370370369,9562065.0,82.0347002217277,Medium
Iceland,IS,1990,1.16937035968014,15.510721994253,254826.0,28.9040249028754,Low
Iceland,IS,1991,-0.223525498840075,6.80877887943634,257797.0,30.2575113175965,Low
Iceland,IS,1992,-3.37389416853765,3.94771176824031,261057.0,36.3773083496902,Low
Iceland,IS,1993,1.31344949985998,4.04285291076947,263725.0,41.6073685299857,Low
Iceland,IS,1994,3.60885792911003,1.55265627495777,266021.0,42.6148988162488,Low
Iceland,IS,1995,0.116583656161382,1.65123150116658,267468.0,44.7793930745069,Low
Iceland,IS,1996,4.49765343483963,2.26041898267297,268916.0,44.1501840514072,Low
Iceland,IS,1997,4.14087045064694,1.81543080282242,271128.0,67.1605212693227,Medium
Iceland,IS,1998,7.01048322607343,1.65924170953427,274047.0,62.1963334175136,Medium
Iceland,IS,1999,3.89798762287089,3.23183260906467,277381.0,58.3418775384846,Low
Iceland,IS,2000,4.90518213679276,5.13647123245151,281205.0,57.5281607671929,Low
Iceland,IS,2001,3.84093935130252,6.40508550386868,284968.0,59.6429980173993,Low
Iceland,IS,2002,0.542286728015213,5.19702230216628,287523.0,55.714632803046,Low
Iceland,IS,2003,2.28136971731965,2.05566329753742,289521.0,53.8074063105902,Low
Iceland,IS,2004,7.62260520117914,3.15819324298464,292074.0,47.8003800930389,Low
Iceland,IS,2005,7.0293406083855,3.98704782806593,296734.0,83.2677822586796,Medium
Iceland,IS,2006,5.67161248460013,6.68707906136661,303782.0,85.9662539768117,Medium
Iceland,IS,2007,8.74132941508014,5.05155736492146,311566.0,83.0821198008625,Medium
Iceland,IS,2008,1.69961076077263,12.6943942775878,317414.0,128.506321494882,High
Iceland,IS,2009,-8.32146414328021,12.0031298461743,318499.0,145.104759933745,High
Iceland,IS,2010,-2.22181847599202,5.39673113167477,318041.0,148.777767489614,High
Iceland,IS,2011,1.37999669140882,4.0010266434312,319014.0,155.158764944293,High
Iceland,IS,2012,1.16931174886884,5.18589988750698,320716.0,150.774647210171,High
Iceland,IS,2013,3.59695700972851,3.87227923748249,323764.0,139.919746812041,High
Iceland,IS,2014,1.91381609098249,2.04461481539333,327386.0,134.408470670298,High
Iceland,IS,2015,3.76859023848581,1.63305558181326,330815.0,116.155544806503,High
Iceland,IS,2016,6.21808764217616,1.69692761997751,335439.0,101.938031553476,High
Iceland,IS,2017,3.48506703916689,1.76041559180596,343400.0,89.2469810873099,Medium
Iceland,IS,2018,4.66077032612084,2.68291768267392,352721.0,80.6816491232151,Medium
Iceland,IS,2019,1.13821230465001,3.01397179156053,360563.0,89.0165347839031,Medium
Iceland,IS,2020,-6.64587816297836,2.84792401518665,366463.0,98.4737480563637,High
Iceland,IS,2021,5.1805719742238,4.44423970189739,372520.0,94.3257130314702,High
Iceland,IS,2022,8.82069395623492,8.3087551155892,382003.0,85.1196750795497,Medium
Iceland,IS,2023,5.18615760140189,8.73630299937298,385663.0,80.155194216912,Medium
India,IN,1990,5.53345456125301,8.9712325027325,864972221.0,50.7832537948314,Low
India,IN,1991,1.05683143496063,13.8702461773683,883927600.0,50.0100803583574,Low
India,IN,1992,5.48239602040357,11.7878170418134,902957070.0,49.6809013594637,Low
India,IN,1993,4.75077621776924,6.32689048779867,922118387.0,51.7598082886747,Low
India,IN,1994,6.65892407028434,10.2479355556119,941163767.0,49.5942827047274,Low
India,IN,1995,7.57449183788519,10.2248861637544,960301044.0,47.4916413028303,Low
India,IN,1996,7.54952224920051,8.97715233826453,979678458.0,45.7233077028079,Low
India,IN,1997,4.04982084998183,7.16425211462724,999133762.0,50.3654361276153,Low
India,IN,1998,6.18441582172117,13.2308389767977,1018665080.0,50.3192181735145,Low
India,IN,1999,8.84575555939531,4.66982038037594,1038225823.0,51.3529514384148,Low
India,IN,2000,3.84099115659129,4.0094359104519,1057922733.0,55.0042464964554,Low
India,IN,2001,4.82396626555771,3.77929312235637,1077898575.0,59.0179097968845,Low
India,IN,2002,3.80397532112175,4.29715203929563,1097600380.0,62.5527712945573,Medium
India,IN,2003,7.8603814759073,3.80585899528851,1116803006.0,62.1900538960464,Medium
India,IN,2004,7.92293661199932,3.76725173477515,1135991513.0,62.5929767433885,Medium
India,IN,2005,7.92343062148318,4.24634362031922,1154676322.0,62.2265261001737,Medium
India,IN,2006,8.06073257166651,5.79652337561634,1172878890.0,59.6667302762217,Low
India,IN,2007,7.6608150670107,6.37288135593231,1190676021.0,57.4975363892468,Low
India,IN,2008,3.08669805921981,8.34926704907581,1207930964.0,57.2922142809949,Low
India,IN,2009,7.86188883286074,10.8823529411764,1225524753.0,55.2564461117969,Low
India,IN,2010,8.49758470221235,11.9893899204244,1243481564.0,51.5919103003897,Low
India,IN,2011,5.24131619937695,8.91179336483371,1261224954.0,51.5565536600977,Low
India,IN,2012,5.45638755166587,9.47899691419801,1278674502.0,50.6780305618952,Low
India,IN,2013,6.38610640094825,10.0178784746102,1295829511.0,50.3118273627008,Low
India,IN,2014,7.41022760508854,6.66565671867899,1312277191.0,49.9009248748319,Low
India,IN,2015,7.99625378571471,4.90697344127256,1328024498.0,49.9647183856551,Low
India,IN,2016,8.25630550179086,4.94821634062141,1343944296.0,47.6337555915272,Low
India,IN,2017,6.79538341897911,3.32817337461298,1359657400.0,47.5836093800197,Low
India,IN,2018,6.45385134497769,3.9388264669163,1374659064.0,46.5224986659322,Low
Indonesia,ID,1990,7.24213163856464,7.81919756505635,183501098.0,45.7414523316285,Low
Indonesia,ID,1991,6.91198283591309,9.41906784347004,186778238.0,40.2756295663842,Low
Indonesia,ID,1992,6.49750651682714,7.52351006242677,190043744.0,42.7093574260874,Low
Indonesia,ID,1993,6.49640812045304,9.6719108926401,193305168.0,37.4975968521644,Low
Indonesia,ID,1994,7.53997109551439,8.53199829189143,196591828.0,36.5705901605804,Low
Indonesia,ID,1995,8.22000739903493,9.42030300572996,199888057.0,30.8043248823304,Low
Indonesia,ID,1996,7.81818707670867,7.97328096513346,203204348.0,23.92314220907,Low
Indonesia,ID,1997,4.69987885390397,6.22615154887214,206536095.0,72.4853185253111,Medium
Indonesia,ID,1998,-13.1267254923818,58.4510413515526,209826788.0,55.2040876648634,Low
Indonesia,ID,1999,0.79112608199847,20.4778324428892,213004668.0,45.2079671076106,Low
Indonesia,ID,2002,4.49947539085764,11.9001200338414,222088495.0,32.2241265309989,Low
Indonesia,ID,2003,4.78036912167654,6.75731256333564,225048008.0,29.7173962466428,Low
Indonesia,ID,2008,6.01370360009123,10.2266663272483,240157903.0,34.2250282105616,Low
Indonesia,ID,2009,4.62887118256153,4.38641311792074,243220028.0,29.997306381567,Low
Iraq,IQ,2015,2.60676642939541,1.39333028780309,37560535.0,27.3918908850844,Low
Iraq,IQ,2016,13.7873730187089,0.556521397155511,38469627.0,29.4760678291372,Low
Iraq,IQ,2017,-1.81975035118309,0.18405889884769,39337353.0,35.8630061595051,Low
Iraq,IQ,2018,2.63385099105624,0.367441488936849,40265624.0,27.438248367378,Low
Israel,IL,1990,7.3151991944807,17.2553348050036,4660000.0,132.118898345577,High
Israel,IL,1991,7.72611510990106,19.1088798242862,4949000.0,117.72768005178,High
Israel,IL,1992,7.7592662201412,12.0653319283457,5123000.0,114.123027913945,High
Israel,IL,1993,4.11675635714511,10.8838740009403,5261000.0,111.866313277602,High
Israel,IL,1994,7.42784528286684,12.253550985796,5399000.0,103.501650613099,High
Israel,IL,1995,6.60292466276256,9.93389990557126,5545000.0,99.2859658269312,High
Israel,IL,1996,5.83943847597874,11.4585122831129,5692000.0,98.1735667246328,High
Israel,IL,1997,3.61234610744576,8.95499383477184,5836000.0,93.4134801274242,High
Israel,IL,1998,4.11196396238032,5.48875371339656,5971000.0,94.4480151714433,High
Israel,IL,1999,3.29727980669843,5.18975459299983,6125000.0,88.2425171142693,Medium
Italy,IT,1991,1.53844759206665,6.24999929790291,56758521.0,71.2588510037498,Medium
Italy,IT,1992,0.834275417393798,5.2705899859293,56797087.0,77.2855315218802,Medium
Jamaica,JM,1990,4.2005351147029,21.9601751165083,2379877.0,138.741327638319,High
Jamaica,JM,1991,4.83823875455573,51.0710977304313,2400869.0,232.832210578933,High
Jamaica,JM,1992,1.95554250017773,77.2965929559651,2424701.0,123.606951339215,High
Jamaica,JM,1993,9.41710256580915,22.0699494185292,2449916.0,112.197175107941,High
Jamaica,JM,1994,1.38338980682033,35.0633942484772,2475220.0,94.6607428923022,High
Jamaica,JM,1995,2.34995703773234,19.9087488364168,2500151.0,83.8611841763719,Medium
Jamaica,JM,1996,-0.113731205844019,26.4066566074043,2524463.0,72.2521952357009,Medium
Jamaica,JM,1997,-1.14045987350366,9.65755261268595,2547848.0,73.7000090787124,Medium
Jamaica,JM,1998,-2.33455353946911,8.63189613012144,2569736.0,81.6705597000984,Medium
Jamaica,JM,1999,1.04767386709968,5.95423949113006,2589795.0,88.9636436472209,Medium
Jamaica,JM,2000,0.87870355044231,8.17108356120225,2607826.0,98.3341557109605,High
Jamaica,JM,2001,1.34492956615135,6.8019093078759,2624403.0,117.535033564029,High
Jamaica,JM,2002,1.99729094191295,7.07635009310985,2640572.0,127.777467033609,High
Jamaica,JM,2003,3.66631759041991,10.0869565217391,2656623.0,127.433255587593,High
Jamaica,JM,2004,1.32372510450574,13.5545023696682,2672225.0,122.008068595913,High
Jamaica,JM,2005,0.893797935409893,15.0528658875905,2687066.0,121.00247616654,High
Jamaica,JM,2006,2.89912534481287,8.56106408706157,2700968.0,117.698811478754,High
Jamaica,JM,2007,1.43195403769627,9.24482067275562,2713800.0,112.989990199089,High
Jamaica,JM,2008,-0.811736702186792,22.0228384991843,2725635.0,120.339824591656,High
Jamaica,JM,2009,-4.34530185828071,9.59224598930482,2736995.0,134.678769793404,High
Jamaica,JM,2010,-1.45714720850386,12.6105519975603,2748568.0,136.224334891016,High
Jamaica,JM,2011,1.73037627006349,7.555856465809,2760494.0,133.978459775192,High
Jamaica,JM,2012,-0.613636042132399,6.87397708674309,2772430.0,137.934669887058,High
Jamaica,JM,2013,0.517686011311724,9.34150076569673,2783687.0,135.885094993632,High
Jamaica,JM,2014,0.689822359762587,8.27407886231419,2793749.0,132.413890497651,High
Jamaica,JM,2015,0.92148712399856,3.69154228855725,2802534.0,118.195358706681,High
Jamaica,JM,2016,2.76043761369557,2.35102197485846,2809915.0,115.889445482292,High
Jamaica,JM,2017,2.29303371291363,4.37839864991561,2815764.0,96.136723606367,High
Jamaica,JM,2019,1.80943147301357,3.90510000865872,2823271.0,85.7693465475141,Medium
Jamaica,JM,2020,-8.30441923583135,5.2267777929352,2830739.0,97.8664003352989,High
Jordan,JO,1990,-0.275903907591925,16.1921375615233,3621908.0,128.794683278404,High
Jordan,JO,1991,1.60853107260243,8.15549597855212,3915149.0,129.999661933739,High
Jordan,JO,1992,14.3497760596886,3.9958356055719,4127693.0,152.601096831376,High
Jordan,JO,1993,4.48698977985755,3.31666666666706,4348020.0,125.609617959016,High
Jordan,JO,1994,4.97147669964757,3.51669624132886,4561406.0,116.445964243913,High
Jordan,JO,1995,6.20087444373819,2.35312451301273,4752096.0,105.062888412836,High
Jordan,JO,1996,2.08702078168028,6.50121802679586,4912516.0,106.234221027771,High
Jordan,JO,1997,3.30847538304737,3.0378842030025,5046285.0,100.385416463901,High
Jordan,JO,1998,3.01217269046565,3.09166666666703,5164284.0,101.172590823202,High
Jordan,JO,1999,3.38953079405088,0.606256567779427,5276444.0,99.9058546631362,High
Jordan,JO,2000,4.24571192079179,0.66688092559796,5386945.0,93.7109707103206,High
Jordan,JO,2001,5.26995757513571,1.77220437351017,5498894.0,90.8265631629398,High
Jordan,JO,2002,5.78380792679296,1.83299389002049,5616066.0,85.0740359140418,Medium
Jordan,JO,2003,4.16166755544407,1.62999999999998,5741828.0,88.9183393971254,Medium
Jordan,JO,2004,8.56721424236899,3.36186821476601,5882061.0,89.0222348564437,Medium
Jordan,JO,2005,8.14659481079931,3.49368534619531,6029587.0,79.9498072958681,Medium
Jordan,JO,2006,8.09297527811933,6.25172466656443,6427371.0,72.6249133521929,Medium
Jordan,JO,2007,8.17616995204646,4.74390639021648,6827227.0,69.9595261843331,Medium
Jordan,JO,2008,7.22038637280139,13.9712310012729,6989866.0,55.0660525842339,Low
Jordan,JO,2009,5.02371007272669,-0.739069743144777,7141753.0,59.2214668762727,Low
Jordan,JO,2010,2.31483422063046,4.84551875852116,7297043.0,59.7710843617397,Low
Jordan,JO,2011,2.73717988632104,4.1624416292779,7480424.0,60.4217719904335,Medium
Jordan,JO,2012,2.42935800100238,4.5152295667099,7587127.0,65.3506139398579,Medium
Jordan,JO,2013,2.60994737548631,4.82462314269537,7991809.0,73.723812248079,Medium
Jordan,JO,2014,3.38407809933472,2.89947905006057,8791710.0,77.7139917549107,Medium
Jordan,JO,2015,2.49652879315188,-0.876851359704049,9544729.0,78.8614496694168,Medium
Jordan,JO,2016,1.9941808493012,-0.778430463054142,10006367.0,74.071860773415,Medium
Jordan,JO,2017,2.47359815449045,3.32389447576097,10234226.0,75.3805020477717,Medium
Jordan,JO,2019,1.75124077866225,0.761514047265601,10671891.0,79.3448532492717,Medium
Jordan,JO,2020,-1.10275188309046,0.333294350628378,10865228.0,75.9660726859906,Medium
Jordan,JO,2021,3.65564358999147,1.34609377243118,11066356.0,98.9957033934574,High
Jordan,JO,2022,2.64743514912058,4.22915568897117,11256263.0,100.908283146258,High
Jordan,JO,2023,2.88408339281683,2.08486986327134,11439213.0,102.847276112668,High
Kazakhstan,KZ,2010,7.30000000329814,7.40046356341396,16836810.0,9.52296325134078,Low
Kazakhstan,KZ,2011,7.40000000144188,8.4529046617679,17066002.0,8.80131007226425,Low
Kazakhstan,KZ,2012,4.79999999528297,5.19568369035073,17306106.0,10.4981138465889,Low
Kazakhstan,KZ,2013,5.99999999671084,5.94283871648418,17556502.0,10.8406391538642,Low
Kazakhstan,KZ,2014,4.20000000566705,6.84944977003358,17816285.0,12.6469696266918,Low
Kazakhstan,KZ,2015,1.20000000053288,6.67828585615236,18084169.0,19.307916061599,Low
Kazakhstan,KZ,2016,1.09999999910173,14.3610942386248,18363600.0,16.7694252748762,Low
Kazakhstan,KZ,2017,4.10000000257358,7.44266321306792,18651931.0,16.9303582595661,Low
Kazakhstan,KZ,2018,4.09999999309841,6.16366247577762,18932727.0,21.9922369362835,Low
Kazakhstan,KZ,2019,4.50000000091883,5.33356098916669,19209555.0,18.4830469477519,Low
Kazakhstan,KZ,2020,-2.49999999628,6.71815454861458,19482117.0,23.7157605024381,Low
Kazakhstan,KZ,2021,4.29999999729456,8.04147134028401,19743603.0,22.4120405815457,Low
Kazakhstan,KZ,2022,3.19999999970734,15.0278644440851,20034609.0,21.3547830101811,Low
Kazakhstan,KZ,2023,5.09999999973641,14.5275597825952,20330104.0,20.8858497183933,Low
"Korea, Rep.",KR,1990,10.0248996213899,8.57327225728677,42869283.0,7.22113697955519,Low
"Korea, Rep.",KR,1991,10.8749739277708,9.33279048161495,43295704.0,9.93619504178387,Low
"Korea, Rep.",KR,1992,6.35159199606441,6.21328146355184,43747962.0,9.68344217619626,Low
"Korea, Rep.",KR,1993,6.99471791742556,4.80099660215354,44194628.0,8.90471239173119,Low
"Korea, Rep.",KR,1994,9.3718357757101,6.26585950039679,44641540.0,7.91331663708199,Low
"Korea, Rep.",KR,1995,9.7358937505409,4.48074108557248,45092991.0,6.97432545068181,Low
"Korea, Rep.",KR,1996,7.99042982526839,4.92454354292754,45524681.0,6.63432383740304,Low
"Korea, Rep.",KR,1997,6.2821926537929,4.4389318457463,45953580.0,8.39336880153862,Low
"Korea, Rep.",KR,2012,2.54766550568242,2.18707104433314,50199853.0,31.0184112293818,Low
"Korea, Rep.",KR,2013,3.2913959543442,1.30134754547413,50428893.0,33.3707589515616,Low
"Korea, Rep.",KR,2014,3.21468019683108,1.27477446401322,50746659.0,34.8171173128439,Low
"Korea, Rep.",KR,2015,2.92029267301234,0.70633177245575,51014947.0,35.7105611200011,Low
"Korea, Rep.",KR,2016,3.17152748983935,0.971685739912168,51217803.0,36.1498684786294,Low
"Korea, Rep.",KR,2017,3.433191763972,1.94433230786366,51361911.0,35.4459831845843,Low
"Korea, Rep.",KR,2018,3.17611568177327,1.47583935002645,51585058.0,35.5200546750178,Low
"Korea, Rep.",KR,2019,2.31380210595475,0.383000303608136,51764822.0,37.6954834097738,Low
"Korea, Rep.",KR,2020,-0.700242317542106,0.537288023411737,51836239.0,43.775799174588,Low
"Korea, Rep.",KR,2021,4.61296795454287,2.49833333333339,51769539.0,45.8328934501884,Low
"Korea, Rep.",KR,2022,2.72756456708991,5.08951365062842,51672569.0,47.6110651856141,Low
"Korea, Rep.",KR,2023,1.58301467403629,3.5974562502901,51712619.0,48.5543799702909,Low
Kyrgyz Republic,KG,2014,4.02403863083252,7.5342472977589,5905848.0,53.8893270176244,Low
Kyrgyz Republic,KG,2015,3.87582544512439,6.50331838993384,6040036.0,72.4565575830671,Medium
Kyrgyz Republic,KG,2016,4.33585592190116,0.388838296895799,6175338.0,60.4735108680683,Medium
Kyrgyz Republic,KG,2017,4.73993722377884,3.1753098637994,6306696.0,60.9182286766387,Medium
Kyrgyz Republic,KG,2018,3.75791013557165,1.54266145238436,6444079.0,51.6567858407378,Low
Kyrgyz Republic,KG,2019,4.60062565707598,1.13362257718804,6590211.0,51.3325378370411,Low
Kyrgyz Republic,KG,2020,-7.14897757727955,6.32542296338078,6726596.0,67.9562222931595,Medium
Kyrgyz Republic,KG,2021,5.50700762671923,11.9050398185147,6851224.0,56.3623694600643,Low
Kyrgyz Republic,KG,2022,8.96750520041391,13.9229093174176,6975220.0,47.085480540382,Low
Kyrgyz Republic,KG,2023,9.0132928339342,10.7532770416742,7099750.0,40.54198900827,Low
Kyrgyz Republic,KG,2024,9.04013556120012,4.99760701207323,7221868.0,40.2318478859281,Low
Latvia,LV,1994,2.18991178652736,35.9247053929643,2520742.0,7.44569772362789,Low
Lesotho,LS,2008,5.52341966978646,10.7156661309681,1966541.0,37.5171853858454,Low
Lesotho,LS,2009,-1.25375779920832,-16.8596910540644,1980883.0,41.6905722621989,Low
Lesotho,LS,2010,5.26967078056286,-2.40524254598706,1996251.0,29.563599276758,Low
Lesotho,LS,2011,4.61641394528752,5.0366305210156,2014009.0,27.1308905908949,Low
Lesotho,LS,2012,6.33408374679448,6.05143662139967,2034354.0,32.1837873350535,Low
Lesotho,LS,2013,1.79252555575545,4.86511899496385,2056504.0,33.208634984126,Low
Lesotho,LS,2014,1.71054990545476,5.37028961008587,2080089.0,33.0174927862044,Low
Lesotho,LS,2015,3.12406678044546,3.21844513655931,2104611.0,33.1383846153849,Low
Lesotho,LS,2016,3.60890731687714,6.59650490696543,2130422.0,42.0604324864983,Low
Lesotho,LS,2017,-3.13817493733471,4.447699373763,2157110.0,37.368022786851,Low
Lesotho,LS,2018,-1.48063315848241,4.7518030162474,2183603.0,32.8447143461545,Low
Lesotho,LS,2019,-1.41799383085205,5.18708359197982,2209405.0,32.1670318908686,Low
Lesotho,LS,2020,-8.15595785459911,4.97809676252309,2235727.0,2.99271686140967,Low
Luxembourg,LU,1990,5.31993336839281,3.25376659083639,381850.0,2.52016078819326,Low
Luxembourg,LU,1991,8.64419071515121,3.11835659874851,387000.0,1.95657501786965,Low
Luxembourg,LU,1992,1.81965297334699,3.15417375961789,392175.0,2.62215760430915,Low
Luxembourg,LU,1993,4.20064695547975,3.58809818535164,397475.0,2.90134514586522,Low
Malawi,MW,2009,8.3281098524038,8.42204427696655,14395788.0,20.1151721657444,Low
Malawi,MW,2010,6.87406585416142,7.41159092883827,14826463.0,19.2608300381554,Low
Malawi,MW,2011,4.93266999813729,7.6228226284852,15265022.0,18.8455448350087,Low
Malawi,MW,2012,1.90000000072909,21.2712650013779,15709577.0,28.4619929057621,Low
Malawi,MW,2013,5.41034999817167,27.2833333333334,16161816.0,24.9138891722583,Low
Malawi,MW,2014,5.62527000105139,23.7920649469687,16621538.0,27.9207565041985,Low
Malawi,MW,2015,2.80000000003355,21.8673475542553,17085587.0,27.3346460465678,Low
Malawi,MW,2016,2.49999999914311,21.7111132136499,17557739.0,37.8862077338952,Low
Malawi,MW,2017,4.00000000089172,11.5433939188771,18039715.0,34.2946221230854,Low
Malawi,MW,2018,4.35356471619211,12.420178108921,18528081.0,41.7011065966529,Low
Malawi,MW,2019,5.71682519194337,9.3708360560567,19025752.0,44.7856317896456,Low
Malawi,MW,2022,0.921115069005936,20.953969729969,20568728.0,55.5992119991912,Low
Malaysia,MY,1990,9.00852713774628,2.61780104712051,17833171.0,79.5366179323318,Medium
Malaysia,MY,1991,9.54546741443052,4.358333333333,18342464.0,73.3193215120926,Medium
Malaysia,MY,1992,8.88511797832156,4.76722829992821,18834572.0,64.3772978856134,Medium
Malaysia,MY,1993,9.89494333377064,3.53658536585389,19322664.0,55.6918359524722,Low
Malaysia,MY,1994,9.21204179334867,3.72497055359284,19820446.0,47.6197297670635,Low
Malaysia,MY,1995,9.82908519730812,3.45057509584895,20330599.0,41.0697028403447,Low
Malaysia,MY,2002,5.39098830692797,1.80787246281536,24102477.0,43.047339208221,Low
Malaysia,MY,2003,5.7884992858875,1.08967632577286,24679602.0,45.0766412986635,Low
Malaysia,MY,2004,6.78343772370305,1.42127115937402,25256772.0,45.6966383151073,Low
Malaysia,MY,2005,5.33213916141486,2.97507092684449,25836071.0,42.0675597614326,Low
Malaysia,MY,2006,5.5848470671515,3.60923564224389,26417909.0,40.5883961366256,Low
Malaysia,MY,2007,6.29878592740947,2.02735317779569,26998389.0,40.0881257702829,Low
Malaysia,MY,2008,4.83176988913097,5.44078221100769,27570059.0,39.7997028374607,Low
Malaysia,MY,2009,-1.51352871598714,0.583308405623702,28124778.0,50.8357455983458,Low
Malaysia,MY,2010,7.42484738326097,1.62285235577035,28655776.0,49.5598230655171,Low
Malaysia,MY,2011,5.29391283414003,3.1744709215131,29162039.0,50.0286816425423,Low
Malaysia,MY,2012,5.47345419253853,1.66357102479206,29662831.0,51.6464316160996,Low
Malaysia,MY,2013,4.69372252557893,2.10501231233612,30174265.0,52.9992519246741,Low
Malaysia,MY,2014,6.00672194558203,3.14299050879095,30696137.0,52.6758487332831,Low
Malaysia,MY,2015,5.09153242155011,2.10438980238359,31232798.0,53.5744697326154,Low
Malaysia,MY,2016,4.44978139761541,2.09056659525742,31789685.0,51.8905275342534,Low
Malaysia,MY,2017,5.81272240983328,3.87120115774237,32355644.0,50.0496777374929,Low
Malaysia,MY,2018,4.84308697634881,0.884709160571235,32910967.0,51.1859148831795,Low
Malaysia,MY,2019,4.41318742129586,0.662891865764326,33440596.0,52.4213502119727,Low
Malaysia,MY,2020,-5.45684658426701,-1.1387021539305,33889558.0,62.0067215086738,Medium
Malaysia,MY,2021,3.31534954399166,2.47710241465447,34282399.0,63.2668366732951,Medium
Malaysia,MY,2022,9.03173723044451,3.37869862549928,34695493.0,60.1479261322487,Medium
Malaysia,MY,2023,3.5370638041057,2.48886560125754,35126298.0,64.2816241956596,Medium
Malaysia,MY,2024,5.10545921024041,1.834100204499,35557673.0,64.566529006102,Medium
Maldives,MV,1990,16.9522974545621,3.64991197717477,224762.0,30.7823377634974,Low
Maldives,MV,1991,1.44269605394094,14.7136770282735,231802.0,35.5734695506425,Low
Maldives,MV,1992,6.67082544437399,16.8559977535548,238543.0,41.6154638148062,Low
Maldives,MV,1993,5.55676907924001,20.1273593149248,244884.0,45.5515611288816,Low
Maldives,MV,1994,7.74948623307952,3.38610098291493,250822.0,44.2117002448663,Low
Maldives,MV,1995,12.9857843069314,5.48886133171504,256649.0,47.3520580907562,Low
Maldives,MV,1996,7.85864699857959,6.24124591476026,262347.0,43.0352763629504,Low
Maldives,MV,1997,8.39794100450224,7.57283467072592,267707.0,39.670387725631,Low
Maldives,MV,1998,7.4946829140504,-1.40425233816792,272723.0,40.9867359654762,Low
Maldives,MV,1999,6.17565592929535,2.95370836069129,277412.0,40.126298421858,Low
Maldives,MV,2000,3.84581040832157,-1.17475681175946,282019.0,40.8644099852265,Low
Maldives,MV,2001,-3.94363452271253,0.67257737006247,286767.0,31.2308703408131,Low
Maldives,MV,2002,7.26838656139654,4.1786723990479,291616.0,33.5908378331301,Low
Maldives,MV,2003,13.7500496410836,-1.26065113450354,296491.0,30.3523770936084,Low
Maldives,MV,2004,5.92489251113133,-1.68541212459466,301413.0,27.2730426643921,Low
Maldives,MV,2005,-11.1773097061784,1.30027500930997,306429.0,33.9271150397616,Low
Maldives,MV,2006,23.6302719852686,2.73842131602099,313851.0,29.5408843071306,Low
Maldives,MV,2007,7.13338024717898,6.79477353930168,324479.0,29.1842777540108,Low
Maldives,MV,2008,8.97645459033633,12.0414583505108,336170.0,30.3431523048305,Low
Maldives,MV,2009,-8.34069861571051,4.53017659132801,348275.0,46.1935516743923,Low
Maldives,MV,2010,6.7854678229144,6.14988536750173,360792.0,54.8854181471638,Low
Maldives,MV,2011,8.84342600490342,11.2734146055937,373674.0,57.2981206101706,Low
Malta,MT,1990,6.29139095831148,2.9834058606356,354170.0,20.1391925335712,Low
Malta,MT,1991,6.25649306881415,2.54219284786975,363845.0,22.7213832525756,Low
Malta,MT,1992,4.69093217230623,1.63321209889045,367618.0,24.4176852352808,Low
Malta,MT,1993,4.48074912682689,4.14481954180488,371308.0,28.608773975036,Low
Malta,MT,1994,5.65110409211232,4.12992181638259,374797.0,29.9674017229371,Low
Mauritius,MU,1990,7.18673677096029,13.4880887926371,1058775.0,39.1235900360959,Low
Mauritius,MU,1991,4.43544626177179,7.00101377541879,1070266.0,39.3945282634877,Low
Mauritius,MU,1992,6.51269858283499,4.64351929883709,1084441.0,31.5314654106726,Low
Mauritius,MU,1993,5.0820629557426,10.5178384472896,1097374.0,29.8242079194186,Low
Mauritius,MU,1994,4.13614286145543,7.32347154412294,1112846.0,30.7485422779047,Low
Mauritius,MU,1995,4.28773657145238,6.02933188484532,1122457.0,32.4319382714997,Low
Mauritius,MU,1996,5.58784392666244,6.55097336065573,1133996.0,35.2757196068331,Low
Mauritius,MU,1997,5.68747741886635,6.83334334996102,1148284.0,35.3476342070016,Low
Mauritius,MU,1998,6.07194017756214,6.81079323797193,1160421.0,33.1487378303686,Low
Mauritius,MU,1999,2.61093234413026,6.90914624866773,1175267.0,30.9931762285205,Low
Mauritius,MU,2000,8.20279174865273,4.19928825622807,1186873.0,31.6907550044809,Low
Mauritius,MU,2001,3.34754072731407,5.38934426229508,1196287.0,29.7941358107018,Low
Mauritius,MU,2002,1.61491865862433,6.41933372221149,1204621.0,39.288508399984,Low
Mauritius,MU,2003,5.92544548947731,3.92105357558188,1213370.0,44.1430010758192,Low
Mauritius,MU,2004,4.33001985464357,4.71037060105883,1221003.0,38.5444032538334,Low
Mauritius,MU,2005,1.77754302034454,4.93717004981795,1228254.0,41.1387968950545,Low
Mauritius,MU,2006,4.8655446077553,8.91350105650142,1233996.0,37.4486905882301,Low
Mauritius,MU,2007,5.72701615981669,8.82729272393294,1239630.0,34.1599246904864,Low
Mauritius,MU,2008,5.38696254207251,9.73228317146887,1244121.0,33.2416262961369,Low
Mauritius,MU,2009,3.31507699790781,2.51609128145113,1247429.0,36.0211353228051,Low
Mauritius,MU,2010,4.37720322344293,2.93236301369857,1250400.0,36.275908664453,Low
Mauritius,MU,2011,4.07753806610333,6.52249254869341,1252404.0,35.0358570491021,Low
Mauritius,MU,2012,3.49611836470866,3.85216033315983,1255882.0,36.0040049386744,Low
Mauritius,MU,2017,3.93798380632353,3.66699702675925,1264887.0,55.4162684218654,Low
Mauritius,MU,2018,4.00674057198549,3.2160538314457,1265577.0,54.5604097916564,Low
Mauritius,MU,2019,2.89128499346516,0.405655190309553,1265985.0,57.1349404640455,Low
Mexico,MX,1990,5.25004329944582,26.6516725646771,82820170.0,46.6268573934833,Low
Mexico,MX,1991,3.97590497138043,22.662359455061,84430572.0,38.2182364854974,Low
Mexico,MX,1992,3.56861354412243,15.5078962533573,86044809.0,28.1470540238128,Low
Mexico,MX,1993,2.86699945461075,9.75146045357553,87653807.0,19.2441733425118,Low
Mexico,MX,1994,4.39412788764169,6.96581237191123,89259205.0,26.8438813996716,Low
Mexico,MX,1995,-5.91029962358286,34.9992712889592,90862455.0,30.7434988919319,Low
Mexico,MX,1996,6.21829715869302,34.3783832235168,92452702.0,23.9323468344639,Low
Mexico,MX,1997,7.19887615284711,20.6256287259247,94021207.0,19.7405052707619,Low
Mexico,MX,1998,6.18507893082885,15.9283950119353,95575245.0,21.0082173789952,Low
Mexico,MX,1999,2.75503039300564,16.5856169707538,97115707.0,19.4785244628191,Low
Mexico,MX,2000,5.02928399378261,9.49156149435403,98625552.0,18.1918633340197,Low
Mexico,MX,2019,-0.392690505066824,3.63596142127046,125762982.0,41.3273940627237,Low
Mexico,MX,2020,-8.35403458167995,3.39683415570006,126799054.0,45.8373464150183,Low
Mexico,MX,2021,6.0484834621255,5.68920847683753,127648148.0,44.8609558065004,Low
Mexico,MX,2022,3.70975709163623,7.8962761916855,128613117.0,43.9694401566719,Low
Mexico,MX,2023,3.35354140652768,5.52796087314389,129739759.0,45.055380246523,Low
Mexico,MX,2024,1.42742769080466,4.72225588452932,130861007.0,49.5702123720928,Low
"Micronesia, Fed. Sts.",FM,2008,-2.5834881422762,8.42372566246186,108936.0,27.1265032594345,Low
"Micronesia, Fed. Sts.",FM,2009,1.09846663749369,6.39360257735201,107957.0,25.9631355889374,Low
"Micronesia, Fed. Sts.",FM,2010,2.06618820882574,3.31370963136217,107540.0,24.6789076055627,Low
"Micronesia, Fed. Sts.",FM,2011,3.7837208928099,5.08259403890371,107698.0,25.5717958565802,Low
"Micronesia, Fed. Sts.",FM,2012,-1.69422024723235,5.01850353045616,107890.0,27.4856202419944,Low
"Micronesia, Fed. Sts.",FM,2013,-3.67642942893428,1.75232737350762,108121.0,26.6937762883914,Low
"Micronesia, Fed. Sts.",FM,2014,-2.58581649978665,0.650284891767944,108396.0,23.7828362712429,Low
"Micronesia, Fed. Sts.",FM,2015,4.43363849623874,-0.2981158373807,108716.0,30.5527561343995,Low
"Micronesia, Fed. Sts.",FM,2016,0.942726461831327,-1.03746806405349,109075.0,25.9593969230769,Low
"Micronesia, Fed. Sts.",FM,2017,2.17575003627566,0.58225373525489,109481.0,31.5972203342618,Low
"Micronesia, Fed. Sts.",FM,2018,0.0,1.49840023593737,109909.0,23.6979660714286,Low
"Micronesia, Fed. Sts.",FM,2019,4.08163265306123,1.92385170787923,110282.0,24.1514441624365,Low
"Micronesia, Fed. Sts.",FM,2020,-1.67294117647059,0.554594630853174,110916.0,27.7955651702173,Low
Moldova,MD,1995,-1.39999905491376,29.8656104095718,2953200.0,37.6286611371025,Low
Moldova,MD,1996,-5.87706028626823,23.5056772963368,2947293.0,40.1231820920436,Low
Moldova,MD,1997,1.64706456037401,11.7728324494467,2936413.0,48.0869353115827,Low
Moldova,MD,1998,-6.54219207711182,7.69576517517208,2935227.0,82.8327822731422,Medium
Moldova,MD,1999,-3.36825447657218,39.2559806891745,2930622.0,77.8984533931353,Medium
Moldova,MD,2000,2.10771608200733,31.2993015817784,2924668.0,73.0188685605433,Medium
Moldova,MD,2001,6.10000039929173,9.7646628575763,2918135.0,60.7746432557048,Medium
Moldova,MD,2002,7.79999965773833,5.30124390261587,2911385.0,59.5592506390136,Low
Moldova,MD,2003,6.59999995777716,11.7460792058234,2903198.0,52.5337629892465,Low
Moldova,MD,2004,7.39999973358189,12.5242768428228,2896023.0,51.9542957042957,Low
Moldova,MD,2005,7.5000001493726,11.9591837222127,2888985.0,32.4251035801551,Low
Moldova,MD,2006,4.79999983670831,12.7777557830351,2880967.0,29.1792912365375,Low
Moldova,MD,2007,3.00000022585525,12.3671668414302,2874299.0,23.239565787011,Low
Moldova,MD,2008,7.80000014541523,12.783047261882,2868833.0,18.4425161310829,Low
Moldova,MD,2009,-6.00000026352828,-0.0627185967108899,2865213.0,27.6322264363496,Low
Moldova,MD,2010,7.10000010705836,7.48385086350851,2862354.0,21.9325612593611,Low
Moldova,MD,2011,5.81816614684824,7.6872510335619,2860699.0,19.7666739342535,Low
Moldova,MD,2012,-0.589733954762579,4.54633427355302,2860324.0,20.3471393454785,Low
Moldova,MD,2013,9.0438656074181,4.59787897363127,2859558.0,19.9179521587446,Low
Moldova,MD,2014,4.99962585407656,5.08878554625869,2857815.0,21.0660070666528,Low
Moldova,MD,2015,-0.338235622387202,9.67624033101859,2835978.0,23.3135833177914,Low
Moldova,MD,2016,4.64601436259409,6.35930898037931,2803186.0,32.2474466077299,Low
Moldova,MD,2017,4.17561205106279,6.57022997455611,2755189.0,29.6674963417643,Low
Moldova,MD,2018,4.07559546585034,3.04505397337071,2707203.0,27.5107781705941,Low
Moldova,MD,2019,3.5523140853476,4.83778351428728,2664224.0,25.4510119081043,Low
Moldova,MD,2020,-8.27597831976949,3.76597122245351,2635130.0,33.9555752157792,Low
Moldova,MD,2021,13.9299997889786,5.10641129002835,2595809.0,32.1187790600053,Low
Moldova,MD,2022,-4.6000000255323,28.7372976766235,2528654.0,34.4860324000827,Low
Moldova,MD,2023,1.2000000493378,13.4170104381299,2457783.0,34.261803411132,Low
Mongolia,MN,1993,-3.16879155027824,268.150488882784,2165130.0,41.4415301033198,Low
Mongolia,MN,1994,2.13438269473237,87.580009329808,2189395.0,51.434529837839,Low
Mongolia,MN,1995,6.3764268864666,0.0435161009571923,2224945.0,37.0712826765271,Low
Mongolia,MN,1996,2.23509384338665,46.8899521531102,2259507.0,49.4796320305737,Low
Mongolia,MN,1997,3.89671358377919,36.5561148948773,2291750.0,54.6275786922475,Low
Mongolia,MN,1998,3.33993659935817,9.35704217716548,2323809.0,71.5753340452053,Medium
Mongolia,MN,1999,3.07036901086266,7.56494150307377,2356813.0,83.9144976966664,Medium
Mongolia,MN,2000,1.14606213709108,11.5955387593327,2388299.0,78.41832770873,Medium
Mongolia,MN,2001,2.95271054338117,6.27736020484006,2417751.0,69.0997980938579,Medium
Mongolia,MN,2018,7.74488062024881,6.82424790145522,3208189.0,65.9653147370968,Medium
Mongolia,MN,2019,5.60224422064255,7.30106953550729,3267673.0,60.8440397174621,Medium
Mongolia,MN,2020,-4.55775197583431,3.7237230614026,3327204.0,73.9367835152858,Medium
Mongolia,MN,2021,1.63676957736662,7.35894657888155,3383741.0,67.5710143237735,Medium
Mongolia,MN,2024,5.12204539122661,6.1977990165842,3524788.0,43.3447191804482,Low
Morocco,MA,1990,3.41181222630115,6.78259401511006,24375551.0,87.1967599759139,Medium
Morocco,MA,1991,7.21608815359085,7.98616600790512,24799014.0,62.0674162757784,Medium
Morocco,MA,1992,-2.097738754022,5.7402466286874,25212468.0,70.9378689831812,Medium
Morocco,MA,1993,-0.740591700332374,5.18311396030801,25614586.0,74.12313156115,Medium
Morocco,MA,1994,10.5880004161286,5.14167152953361,26000822.0,69.8259155220588,Medium
Morocco,MA,1995,-5.40544787197402,6.12358164775523,26399429.0,68.3949152787535,Medium
Morocco,MA,1997,-1.56070234550782,1.03819895051614,27213337.0,64.4624151446094,Medium
Morocco,MA,1998,7.23855267691987,2.75311330764477,27621648.0,55.0124708324473,Low
Morocco,MA,1999,1.6970614772566,0.684782608695643,28027179.0,55.4449807288653,Low
Morocco,MA,2002,3.73019737485745,2.79561966936936,29198142.0,48.4750786200092,Low
Morocco,MA,2005,3.19224973015831,0.982641660015951,30358144.0,53.6662965686373,Low
Morocco,MA,2006,7.7908200104027,3.28476166954811,30771178.0,49.5746100609743,Low
Morocco,MA,2007,3.44106776690418,2.04208512673344,31186468.0,46.3035380770239,Low
Morocco,MA,2008,5.68453936284732,3.71484311494064,31606767.0,41.2851314683307,Low
Morocco,MA,2009,3.74576940136258,0.971862998667636,32030778.0,43.6257434782389,Low
Morocco,MA,2010,3.49955709403216,0.993557401226392,32467016.0,47.0982656739638,Low
Morocco,MA,2011,5.52464523319847,0.9069249096918,32912588.0,51.2263215704569,Low
Mozambique,MZ,2016,4.69699024225795,17.4180418197597,27337105.0,92.242445572337,High
Mozambique,MZ,2017,2.63820737310658,15.1132073899384,28166393.0,78.5046092527536,Medium
Mozambique,MZ,2018,3.48493202422782,3.91133439990729,29018644.0,81.3537163156048,Medium
Mozambique,MZ,2019,2.31781394821475,2.80270307928111,29884380.0,78.8783415047574,Medium
Mozambique,MZ,2020,-1.21952250011192,3.48393567493204,30783688.0,101.390931763888,High
Mozambique,MZ,2021,2.37743572761507,6.40847652975692,31707800.0,84.1569664621914,Medium
Mozambique,MZ,2022,4.36445074432608,10.2794018093421,32656246.0,76.6350609536734,Medium
Mozambique,MZ,2023,5.48149036541776,7.12697482131851,33635160.0,72.6610029459905,Medium
Mozambique,MZ,2024,2.14854964610538,4.07856834812022,34631766.0,71.7932488373315,Medium
Nepal,NP,1990,4.63503634698831,8.23970037453206,19524573.0,52.6205809545912,Low
Nepal,NP,1991,6.3681503973968,15.5574529276949,20036500.0,64.911430440788,Medium
Nepal,NP,1992,4.10640661731669,17.1495236243439,20609707.0,61.6569229882709,Medium
Nepal,NP,1993,3.84985002629573,7.50539419087105,21180159.0,63.6815382338544,Medium
Nepal,NP,1994,8.21600269296587,8.34928672883384,21717479.0,66.5412100044161,Medium
Nepal,NP,1995,3.46845189309603,7.62296950698163,22245439.0,66.1836432074826,Medium
Nepal,NP,1996,5.32828417508708,9.22046662376986,22741862.0,65.1978803839092,Medium
Nepal,NP,1997,5.04861254517328,4.00998860523181,23219463.0,59.8824296913156,Low
Nepal,NP,1998,3.01638947539399,11.2444677818614,23680357.0,66.3514434343267,Medium
Nepal,NP,1999,4.41257328041399,7.45111260957546,24125199.0,64.0681097896128,Medium
Nepal,NP,2000,6.19999998192236,2.47882020709136,24546509.0,64.5733198414706,Medium
Nepal,NP,2001,4.79989214255407,2.6883037354563,24946748.0,58.9891415877141,Low
Nepal,NP,2002,0.120143177369414,3.02939948714892,25328981.0,63.9354609821022,Medium
Nepal,NP,2003,3.94503776051116,5.70700931874738,25688758.0,62.5881953798115,Medium
Nepal,NP,2004,4.68260325152944,2.8418113124898,26016656.0,59.4156672858263,Low
Nepal,NP,2005,3.47918104829496,6.83633265892877,26309458.0,51.7646230480547,Low
Nepal,NP,2006,3.36461478056277,6.92033580707589,26565425.0,49.6869680346867,Low
Nepal,NP,2007,3.41156027980276,2.26921924439074,26788492.0,42.9786611378803,Low
Nepal,NP,2008,6.10463914373472,9.9078300530648,26990037.0,43.799987249558,Low
Nepal,NP,2010,4.81641464694573,9.32650410745395,27341952.0,33.8625212320188,Low
Nepal,NP,2019,6.65705543110467,5.56616035243723,28414064.0,31.7771473472895,Low
Nepal,NP,2020,-2.3696206292072,5.05635826238499,28966574.0,39.0485631284493,Low
Nepal,NP,2021,4.838149614115,4.12676744440695,29475010.0,39.9222686422289,Low
Netherlands,NL,1990,4.18322279220835,2.45408985919675,14951510.0,54.7226413816017,Low
Netherlands,NL,1991,2.43913458059633,3.15819751859096,15069798.0,55.2083107865966,Low
Netherlands,NL,1992,1.70607086906817,3.18358569499581,15184166.0,56.0063065334887,Low
Netherlands,NL,1993,1.2575522529669,2.58418115634715,15290368.0,56.4483118602544,Low
Netherlands,NL,1994,2.96109249092605,2.80152693672192,15382838.0,54.214654102661,Low
New Zealand,NZ,2002,4.71347767117496,2.67709257711605,3948500.0,32.7763842551838,Low
New Zealand,NZ,2003,4.72804204913962,1.75357444759557,4027200.0,48.2453384728239,Low
New Zealand,NZ,2004,4.08796484025709,2.29024902847571,4087500.0,43.8675166117793,Low
New Zealand,NZ,2005,3.35292760405062,3.03702332617012,4133900.0,44.1698490827743,Low
New Zealand,NZ,2006,2.77978059105617,3.36540196171993,4184600.0,42.9524894769889,Low
New Zealand,NZ,2007,3.05641638984955,2.37614310290659,4223800.0,36.9753526219646,Low
New Zealand,NZ,2008,-1.01703846933975,3.9589493731206,4259800.0,36.0132953366238,Low
New Zealand,NZ,2009,-0.0374661120713,2.1156511055456,4302600.0,31.8653341616565,Low
New Zealand,NZ,2010,1.45863634911349,2.30202385958572,4350700.0,34.7227798053528,Low
New Zealand,NZ,2011,2.09349621669912,4.0279066739204,4384000.0,48.0816617433301,Low
New Zealand,NZ,2012,2.36630664656174,1.05991318445632,4408100.0,51.5541055220579,Low
New Zealand,NZ,2013,2.58954199031598,1.13442266445817,4442100.0,46.4245970754158,Low
New Zealand,NZ,2014,3.82638491760299,1.227507505974,4516500.0,43.8708941737301,Low
New Zealand,NZ,2015,3.69036908387233,0.292704628136101,4609400.0,42.9013651890488,Low
New Zealand,NZ,2016,3.77911068354334,0.646240284454524,4714100.0,41.3592419573932,Low
New Zealand,NZ,2017,3.37873219470765,1.85078767452536,4813600.0,38.629234026174,Low
New Zealand,NZ,2018,3.47058203866328,1.59829703801696,4900600.0,36.6067773375025,Low
New Zealand,NZ,2019,2.31747144034802,1.61963190184048,4970300.0,32.7713136024397,Low
New Zealand,NZ,2020,-0.307246896026541,1.71456170007245,5072400.0,45.7367082288191,Low
New Zealand,NZ,2021,4.53540565716095,3.94112060778728,5084600.0,51.305380228031,Low
New Zealand,NZ,2022,3.49638686458842,7.17222476016441,5081700.0,53.9638193955627,Low
New Zealand,NZ,2023,1.39425181563566,5.73316283034957,5200000.0,50.1080559619605,Low
New Zealand,NZ,2024,1.28862004711685,2.92279782301957,5287500.0,52.2498447259151,Low
Norway,NO,1990,1.93229130670601,4.1310334831135,4241473.0,19.8470116461584,Low
Norway,NO,1991,3.08443862114596,3.43819599109134,4261732.0,18.5942813892647,Low
Norway,NO,1992,3.5744589537378,2.32808504911848,4286401.0,22.342831631806,Low
Norway,NO,1993,2.8451826884301,2.28826933193061,4311991.0,31.5607533776556,Low
Norway,NO,1994,5.0552739968782,1.37567498071478,4336613.0,30.7520156212036,Low
Pakistan,PK,1990,4.45858681510218,9.05213155279776,116155576.0,78.7725350870327,Medium
Pakistan,PK,1991,5.06156775897861,11.7912703351416,120060406.0,76.0908289241623,Medium
Pakistan,PK,1992,7.70589781716029,9.5090414619015,123546848.0,74.5285767943305,Medium
Pakistan,PK,1993,1.7577476978468,9.97366476029209,127020117.0,78.910190522119,Medium
Pakistan,PK,1998,2.55023429817393,6.22800415424543,146522356.0,79.0846919843326,Medium
Pakistan,PK,2000,4.2600880111325,4.36666451291681,154879127.0,55.0324216144747,Low
Palau,PW,2008,-5.19490494373626,11.9655746807329,19009.0,23.2605058625389,Low
Palau,PW,2009,-6.53652076215215,1.43813538308953,18709.0,23.9561620586775,Low
Palau,PW,2010,-2.64326159533755,1.44219017355169,18396.0,32.3858558130148,Low
Palau,PW,2011,5.09200624133297,4.6746987951807,18078.0,25.5119664948813,Low
Palau,PW,2012,1.65514876664869,3.61418047882138,17765.0,26.8646997283355,Low
Palau,PW,2013,-2.55228103983089,3.35481004221287,17648.0,22.9112159302113,Low
Palau,PW,2014,5.16816298235885,4.19174548581256,17715.0,21.5280269043579,Low
Palau,PW,2015,7.92010724472276,0.949040643697081,17770.0,62.0056278289201,Medium
Palau,PW,2016,1.32685546630708,-1.04230533415074,17797.0,66.4155843165132,Medium
Palau,PW,2017,-2.98950254798218,1.4179881966692,17812.0,78.0419162493333,Medium
Palau,PW,2018,-1.24390713667657,2.10970464135017,17814.0,83.8357085312167,Medium
Palau,PW,2019,-0.362028649856498,0.26737967914444,17798.0,85.1724489555373,Medium
Papua New Guinea,PG,1990,-3.01216922181256,6.9533615990307,3896481.0,48.9532540146935,Low
Papua New Guinea,PG,1991,9.54689771039914,6.96568127760753,4021837.0,46.6108276015088,Low
Papua New Guinea,PG,1992,13.8490852689481,4.30961457009748,4166699.0,44.8643144683874,Low
Papua New Guinea,PG,1993,18.2022859527298,4.97411430311646,4320872.0,44.3261901337552,Low
Papua New Guinea,PG,1994,5.94210905967769,2.85272217387134,4480208.0,53.5450156411045,Low
Papua New Guinea,PG,1995,-3.31244877829666,17.280932681459,4644278.0,53.6620013882835,Low
Papua New Guinea,PG,1996,7.73369579796399,11.6241782908448,4813361.0,55.6433690965017,Low
Papua New Guinea,PG,1997,-3.90438965639359,3.96437805228409,4987883.0,62.4046556302616,Medium
Papua New Guinea,PG,1998,-3.76911321783457,13.5741917656809,5166390.0,66.3501460864216,Medium
Papua New Guinea,PG,1999,1.85555399408817,14.9321817407701,5349333.0,63.5373009220453,Medium
Papua New Guinea,PG,2000,-2.49484199260023,15.5958933107535,5537064.0,57.7415312557776,Low
Papua New Guinea,PG,2001,-0.121288605564772,9.29817332783968,5728435.0,68.2675567269125,Medium
Papua New Guinea,PG,2002,-0.158900533082658,11.7994470972606,5924003.0,69.7344601261207,Medium
Papua New Guinea,PG,2014,13.5437706216546,5.22211720226841,8523441.0,26.8946120001805,Low
Papua New Guinea,PG,2015,6.57835632304275,5.99595778127107,8743246.0,29.8753777382805,Low
Papua New Guinea,PG,2016,5.48957315278187,6.6737288135593,8961718.0,33.7401900962348,Low
Papua New Guinea,PG,2017,3.53461081750459,5.42204568023834,9178714.0,32.685689411013,Low
Papua New Guinea,PG,2018,-0.279252284959952,4.37448921453162,9394513.0,36.6742909998618,Low
Papua New Guinea,PG,2019,4.48051456942582,3.92867290939597,9609010.0,40.1543056202126,Low
Papua New Guinea,PG,2020,-3.16743204434815,4.87167398565555,9815746.0,48.6800956056364,Low
Papua New Guinea,PG,2021,-0.511353418578196,4.48359014042398,10012896.0,52.5838575050206,Low
Papua New Guinea,PG,2022,5.70758404238197,5.25323922215241,10203169.0,48.1888180948174,Low
Papua New Guinea,PG,2023,3.81088622906051,2.29869991296791,10389635.0,52.3812606028215,Low
Peru,PE,1990,-4.98256353646605,7481.66361124526,22014771.0,189.246285557642,High
Peru,PE,1991,2.2192591027909,409.530166622023,22483775.0,78.2167512063909,Medium
Peru,PE,1992,-0.540509124723926,73.5282942442641,22946340.0,80.142729037233,Medium
Peru,PE,1993,5.24357700773291,48.5799864468885,23413783.0,70.6160984544118,Medium
Peru,PE,1994,12.3083661848445,23.7369050565046,23881493.0,55.4915347082036,Low
Peru,PE,2006,7.5288990440594,2.00225801248819,28324491.0,32.5394575436311,Low
Peru,PE,2007,8.5183877690955,1.77998644680372,28530699.0,28.5288183926826,Low
Peru,PE,2008,9.1265683014642,5.78587598206755,28719041.0,26.076322347553,Low
Peru,PE,2009,1.0958236592427,2.936231535967,28896811.0,26.4008658753596,Low
Peru,PE,2010,8.33245910749577,1.52832059732901,29086019.0,23.6817913396941,Low
Peru,PE,2011,6.32719240161117,3.36931095333853,29304086.0,20.7202165724133,Low
Peru,PE,2012,6.13972470560435,3.61121294940163,29550366.0,19.2166594587652,Low
Peru,PE,2013,5.85251821084928,2.76789666082002,29817919.0,18.3944203835345,Low
Peru,PE,2014,2.38215737180541,3.41194579807465,30115826.0,19.56538960172,Low
Peru,PE,2015,3.25224477218451,3.39809194746308,30457600.0,22.865554469277,Low
Peru,PE,2016,3.95331871520767,3.55717663556279,30866494.0,23.7062564342415,Low
Peru,PE,2017,2.51883544233135,2.99490045809443,31324637.0,24.7483395120072,Low
Peru,PE,2018,3.969351341365,1.50915423024742,31897584.0,25.7290009576063,Low
Peru,PE,2019,2.24063176875049,2.25212191358027,32449303.0,26.5266050304096,Low
Peru,PE,2020,-10.9333065010382,2.00241205759292,32838579.0,34.7649150438361,Low
Peru,PE,2021,13.3626240903125,4.27166381536798,33155882.0,35.2492265648321,Low
Philippines,PH,1990,3.08267252855887,12.1773522064946,62854666.0,45.0076745112999,Low
Philippines,PH,1991,-0.436390080533428,19.2614585266282,64382249.0,43.5879493136021,Low
Philippines,PH,1992,0.417629066097945,8.65100357865265,65926125.0,46.269790365795,Low
Philippines,PH,1993,2.181889985613,6.71631104109973,67530621.0,58.8331979479565,Low
Philippines,PH,1994,4.37366591819077,10.3864734299517,69019291.0,49.4185114622984,Low
Philippines,PH,1995,4.62522511739661,6.83199610989534,70546246.0,53.471178145145,Low
Philippines,PH,1996,5.8603478716379,7.4761037778791,72190242.0,46.5576634189528,Low
Philippines,PH,1997,5.18641167406165,5.59025939650601,73908810.0,48.6978483259554,Low
Philippines,PH,1998,-0.514090599541888,9.23493432267121,75791024.0,58.2805829140392,Low
Philippines,PH,1999,3.34645118398267,5.93904901780808,77753257.0,52.8348897149163,Low
Philippines,PH,2000,4.38250500083399,3.9771250324928,79625397.0,58.598433117411,Low
Philippines,PH,2001,3.04923134463486,5.34550195567142,81401488.0,59.2614955783056,Low
Philippines,PH,2002,3.71625500158383,2.72277227722765,83068889.0,64.715074553291,Medium
Philippines,PH,2003,5.08691113513073,2.28915662650607,84731835.0,71.1158091036307,Medium
Philippines,PH,2004,6.56922851180626,4.82921083627795,86394504.0,71.6007252032252,Medium
Philippines,PH,2005,4.94250511877678,6.51685393258433,88015962.0,65.7097431233166,Medium
Philippines,PH,2006,5.31641682136939,5.4852320675105,89508986.0,58.7978739921016,Low
Philippines,PH,2007,6.51929155018938,2.90000000000003,91075184.0,51.5748916279875,Low
Philippines,PH,2008,4.34448730509183,8.26044703595725,92699095.0,52.4322709324654,Low
Philippines,PH,2009,1.44832306275669,4.21903052064628,94384250.0,52.4006931344165,Low
Philippines,PH,2010,7.33449996034538,3.78983634797591,96337125.0,50.1962414764938,Low
Philippines,PH,2011,3.85823282795663,4.7184170471842,98248614.0,48.8058481254572,Low
Philippines,PH,2012,6.89695171050985,3.02696391124796,100175512.0,49.1574552067049,Low
Philippines,PH,2013,6.75053130142255,2.58268766141795,102076336.0,47.1441818576352,Low
Philippines,PH,2014,6.34798748260867,3.59782343864211,103767130.0,43.426338941462,Low
Poland,PL,1994,5.292802066626,32.9912766093523,38542652.0,60.4543984704576,Medium
Portugal,PT,1993,-2.04327729359404,6.78377994665407,9964675.0,8.24573773536288,Low
Portugal,PT,1994,0.964838285067799,5.42044019241626,9991525.0,5.6574045702943,Low
Russian Federation,RU,1998,-5.2999616266239,27.6856798076742,147670784.0,143.948999533393,High
Russian Federation,RU,1999,6.39991469144101,85.7464940960636,147214776.0,100.744137724205,High
Russian Federation,RU,2000,10.0000668136515,20.7987606558704,146596869.0,62.1488888669576,Medium
Russian Federation,RU,2001,5.10005122572568,21.4770072117159,145976482.0,48.9836153351704,Low
Russian Federation,RU,2002,4.69999190914258,15.7887307914463,145306497.0,41.3527168644107,Low
Russian Federation,RU,2005,6.39996544799469,12.6853039507349,143518814.0,16.6608684477983,Low
Russian Federation,RU,2006,8.20006825456321,9.66865454789265,143049637.0,9.89107286046746,Low
Russian Federation,RU,2007,8.49997776916511,9.00729868861079,142805114.0,7.15843011658404,Low
Russian Federation,RU,2008,5.19996926404957,14.1107677840442,142742366.0,6.49528743788997,Low
Russian Federation,RU,2009,-7.79999391271275,11.6473295764118,142785348.0,8.69786633503919,Low
Russian Federation,RU,2010,4.49999999920672,6.84939230255025,142849468.0,9.09810564473106,Low
Russian Federation,RU,2011,4.30002918567749,8.4404648593257,143018195.0,8.64108194430582,Low
Russian Federation,RU,2012,4.02408615746921,5.07474300799149,143378447.0,8.55140859340356,Low
Russian Federation,RU,2013,1.75542214874298,6.75466833903486,143805638.0,9.06725564048848,Low
Russian Federation,RU,2014,0.736267221765672,7.82016970013845,144237223.0,11.2004612827286,Low
Russian Federation,RU,2015,-1.97271922580408,15.5343959935701,144640716.0,13.5407657768558,Low
Russian Federation,RU,2016,0.193690071260534,7.04243725413707,145015460.0,14.2417395793548,Low
Russian Federation,RU,2017,1.82579006401834,3.68333072334495,145293260.0,16.3253741158845,Low
Russian Federation,RU,2018,2.80724541059601,2.87831382614981,145398106.0,16.1685789853238,Low
Russian Federation,RU,2019,2.19807571335009,4.47202631837903,145453291.0,17.2760484379376,Low
Russian Federation,RU,2020,-2.65365450102773,3.38219796948068,145245148.0,22.992021036968,Low
Russian Federation,RU,2021,5.86649177292595,6.69445891957612,144746762.0,21.0287512612177,Low
Russian Federation,RU,2022,-1.43588213859842,13.7436797398232,144236933.0,19.2884758032917,Low
Russian Federation,RU,2023,4.08252481259281,5.86571931748967,143826130.0,18.5032227571465,Low
Russian Federation,RU,2024,4.34437475491529,8.43486410496723,143533851.0,17.9537476407091,Low
Rwanda,RW,1990,-2.39929109760386,4.18576372649948,7375307.0,49.7969202729087,Low
Rwanda,RW,1991,-2.5143796537652,19.6371658148373,7526966.0,47.8601030997282,Low
Rwanda,RW,1992,5.87272524148186,9.56041187600816,7683266.0,48.4289742567034,Low
San Marino,SM,2004,4.5488441461596,1.43083868527343,29457.0,31.9233677947788,Low
San Marino,SM,2005,2.42510699001426,1.68548890528347,29836.0,39.3423254303621,Low
San Marino,SM,2006,3.83008356545962,2.09525935611432,30184.0,47.7656117606838,Low
San Marino,SM,2007,7.10932260228034,2.49894575725803,31211.0,47.4509601321227,Low
San Marino,SM,2008,-0.500939261114581,4.29320249287704,31662.0,46.8685383304774,Low
San Marino,SM,2009,-10.3209565764632,2.19959237046011,33066.0,46.6074007324324,Low
San Marino,SM,2010,-5.47368421052632,2.58541815582587,33270.0,54.9724926638478,Low
San Marino,SM,2011,-8.3147735708983,2.89979584300123,32620.0,44.8293754612433,Low
San Marino,SM,2012,-7.04453441295546,2.8273322422258,33469.0,51.2177218791033,Low
San Marino,SM,2013,-0.78397212543554,1.60439298078082,33041.0,54.0230135522152,Low
San Marino,SM,2014,-0.702370500438988,1.11296303373851,32655.0,53.3245594404762,Low
San Marino,SM,2015,2.29150556129265,0.145686073241066,32897.0,56.9302290727428,Low
San Marino,SM,2016,2.34440586055426,0.644075340346552,33101.0,57.3280875334167,Low
San Marino,SM,2017,0.258265466328027,1.01413313194508,33825.0,54.5934447738196,Low
San Marino,SM,2018,1.49390531817373,1.16333522293158,34522.0,55.9404550948587,Low
San Marino,SM,2019,2.06568514732739,0.472651967352852,34663.0,55.0853181002707,Low
San Marino,SM,2020,-6.64791081780605,-0.133368898372915,34770.0,98.3476214157992,High
San Marino,SM,2021,13.8977895076234,1.61551411551421,34252.0,95.1200992157321,High
San Marino,SM,2022,7.89844145767604,5.32545321311365,33755.0,103.153573465904,High
San Marino,SM,2023,0.401934896977224,5.93190858629403,33860.0,99.8703824062793,High
Seychelles,SC,2008,-2.72594626154864,36.9647582875289,86956.0,174.684386535722,High
Singapore,SG,1990,9.82089955731777,3.46075338652824,3047132.0,77.855311856756,Medium
Singapore,SG,1991,6.68839753958379,3.42570173078643,3135083.0,78.97732191875,Medium
Singapore,SG,1992,6.63980556949564,2.26307118702851,3230698.0,81.8827558107494,Medium
Singapore,SG,1993,11.459650875246,2.28929964388641,3313471.0,72.8796371846888,Medium
Singapore,SG,1994,11.0956893100227,3.10013262599502,3419048.0,70.2818345454772,Medium
Singapore,SG,1995,7.17540112091071,1.72053384788524,3524506.0,72.7804903132088,Medium
Singapore,SG,1996,7.47139086002002,1.38318052481876,3670704.0,72.735334061978,Medium
Singapore,SG,1997,8.31620911124497,2.00358618538962,3796038.0,71.3607292667242,Medium
Singapore,SG,1998,-2.19101500611274,-0.267502292876153,3927213.0,82.599116639914,Medium
Singapore,SG,1999,5.71837175710837,0.0167098337370727,3958723.0,87.8603784550691,Medium
Singapore,SG,2000,9.03831632555163,1.36162392448456,4027887.0,83.842291725532,Medium
Singapore,SG,2001,-1.07086275100448,0.997197956155943,4138012.0,93.9363125102557,High
Singapore,SG,2002,3.92336076702013,-0.391676866585049,4175950.0,106.332540928351,High
Singapore,SG,2003,4.54825542643229,0.507905300237551,4114826.0,108.589983770079,High
Singapore,SG,2004,9.93998268434957,1.66272719863072,4166664.0,101.779018993689,High
Singapore,SG,2005,7.36632239250758,0.425106276569107,4265762.0,94.9666937754733,High
Singapore,SG,2006,9.00676607871758,0.965657519018511,4401365.0,82.8374805427534,Medium
Singapore,SG,2007,9.02151951268893,2.10980166714574,4588599.0,77.2760743035509,Medium
Singapore,SG,2008,1.86348345462035,6.63544058395309,4839396.0,96.4099647516113,High
Singapore,SG,2009,0.127953382778088,0.589142019610516,4987573.0,106.372468302322,High
Singapore,SG,2010,14.5197497108994,2.82884527612958,5076732.0,101.449782417951,High
Singapore,SG,2011,6.21493416858989,5.25115624639373,5183688.0,104.78518384861,High
Singapore,SG,2012,4.43549759378537,4.58084479423094,5312437.0,107.828093624626,High
Singapore,SG,2013,4.81763099120676,2.36439793742726,5399162.0,99.4464888561159,High
Singapore,SG,2014,3.93554027709007,1.03316955857629,5469724.0,99.6097986729595,High
Singapore,SG,2015,2.97679931634806,-0.521975611895763,5535002.0,103.320839751929,High
Singapore,SG,2016,3.74757848792792,-0.529809760375464,5607283.0,108.854265917764,High
Singapore,SG,2017,4.47689915845876,0.576763191179996,5612253.0,109.197026214998,High
Singapore,SG,2018,3.4519759658687,0.438784215129623,5638676.0,110.689756336508,High
Singapore,SG,2019,1.30804118153127,0.567829988405447,5703569.0,128.078092485423,High
Singapore,SG,2020,-3.81470885510713,-0.172111865925382,5685807.0,151.706326367087,High
Singapore,SG,2021,9.7568044629903,2.31610315765146,5453566.0,149.289112306688,High
Singapore,SG,2022,4.10800021897151,6.13095418919732,5637022.0,154.103642983248,High
Singapore,SG,2023,1.82140694115385,4.83372362825798,5917648.0,175.596688403377,High
Singapore,SG,2024,4.38802362461865,2.38951123595017,6036860.0,175.6139079334,High
Slovenia,SI,1993,2.84341931367295,31.7621306305932,1991746.0,18.5258461655266,Low
Slovenia,SI,1994,5.32748574261758,20.9918180471498,1989443.0,16.2364911410258,Low
Solomon Islands,SB,2011,7.43023752099302,7.34270706018,552945.0,13.9267708274456,Low
Solomon Islands,SB,2012,2.46591837712438,5.91200602491155,573606.0,11.5924176877251,Low
Solomon Islands,SB,2013,5.23744704670068,5.3913638858756,594945.0,10.1053266339754,Low
Solomon Islands,SB,2014,1.18945509547778,5.16590237925171,616908.0,8.72030492433418,Low
Solomon Islands,SB,2015,1.67578612030815,-0.57446928635949,639415.0,6.7376311665869,Low
Solomon Islands,SB,2016,5.55494348257992,0.512485626268792,662379.0,6.25960695307261,Low
Solomon Islands,SB,2017,3.07546176144591,0.488686760261083,685672.0,8.40244987801104,Low
Solomon Islands,SB,2018,2.74585244829055,3.46147484973729,709101.0,7.68567032380197,Low
Solomon Islands,SB,2019,1.74925244485951,1.63485544012247,728147.0,7.74420412997056,Low
Solomon Islands,SB,2020,-3.38125925839405,2.96354992076065,744498.0,11.4639181326619,Low
Solomon Islands,SB,2022,-2.58448361755723,5.51812928576938,781066.0,16.439440971058,Low
South Africa,ZA,1990,-0.317760426540374,14.3209918914915,40746268.0,32.3971949577925,Low
South Africa,ZA,1991,-1.0182449675445,15.3347785733672,41687898.0,33.9135908287352,Low
South Africa,ZA,1992,-2.13703284500521,13.874703748615,42443509.0,36.9022310979407,Low
South Africa,ZA,1993,1.23355793864741,9.71742729803028,43297156.0,39.9507720898509,Low
South Africa,ZA,1994,3.20000000297172,8.938563723594,44004139.0,44.8169697430772,Low
South Africa,ZA,1995,3.10000000054411,8.68042421392631,44541554.0,44.8686189886337,Low
South Africa,ZA,1996,4.29999999726792,7.35411972085333,45123018.0,44.2298759185659,Low
South Africa,ZA,1997,2.60000000146347,8.59777611252274,45666838.0,43.1755459966557,Low
South Africa,ZA,1998,0.50000000034143,6.88054521037351,46223880.0,44.6542617733798,Low
South Africa,ZA,1999,2.39999999746338,5.18148905111697,46730335.0,42.1780316027359,Low
South Africa,ZA,2000,4.20000000067826,5.33895913599828,47159719.0,39.6390583837328,Low
South Africa,ZA,2015,1.32186223678229,4.51869094892506,56723537.0,52.6511572360833,Low
South Africa,ZA,2016,0.664552307858116,6.60290842394872,57259551.0,53.7387913884354,Low
South Africa,ZA,2017,1.15794695181735,5.18618655524149,57635162.0,56.2597208390879,Low
South Africa,ZA,2018,1.55678384721676,4.50987264867388,58613001.0,59.1023114070608,Low
South Africa,ZA,2019,0.25993557687633,4.10285075461156,59587885.0,64.5892781351104,Medium
South Africa,ZA,2020,-6.1689177146757,3.23238831615113,60562381.0,75.7255090793216,Medium
South Africa,ZA,2021,4.85864865060148,4.61874544887136,61502603.0,74.0826080051444,Medium
South Africa,ZA,2022,2.05813661692193,7.03987272546482,62378410.0,76.205442941881,Medium
South Africa,ZA,2023,0.80610455095804,6.0752438457966,63212384.0,79.4469077095183,Medium
Spain,ES,1970,4.24497076715365,5.73114484293531,33814531.0,2003.94175624302,High
Spain,ES,1971,4.64947364578497,8.23688714893602,34224490.0,1768.64893323575,High
Spain,ES,1990,3.7813935513235,6.72181952228656,38867322.0,35.1574354271674,Low
Spain,ES,1991,2.54600049647455,5.93421344335924,38966376.0,35.1902538119473,Low
Spain,ES,1992,0.929215482921151,5.92453126228489,39157685.0,37.0105702629969,Low
Spain,ES,1993,-1.03149183695307,4.56907173681813,39361262.0,46.7322032984571,Low
Spain,ES,1994,2.38319537908909,4.71841373967329,39549108.0,48.1390226944522,Low
Spain,ES,1995,2.75749400293542,4.67380337624704,39724050.0,57.9249461467052,Low
Spain,ES,1996,2.60741117110229,3.55884559338557,39889852.0,64.2492630442525,Medium
Spain,ES,1997,3.58729972356299,1.97107395582926,40057389.0,64.0463520024217,Medium
Spain,ES,1998,4.30197745333581,1.83432999908409,40223509.0,64.3080230625696,Medium
Spain,ES,1999,4.40886545305924,2.31034813987067,40386875.0,59.2051839637685,Low
Spain,ES,2000,5.20064125553942,3.43351563418766,40567864.0,56.4602218744994,Low
Spain,ES,2001,3.91908880808811,3.58983413338112,40850412.0,51.9977631328672,Low
Spain,ES,2002,2.75545611564098,3.06565685902219,41431558.0,50.1525230848091,Low
Spain,ES,2003,2.9392895953076,3.03888839396655,42187645.0,45.4755013109904,Low
Spain,ES,2004,3.1145314799161,3.03924881090924,42921895.0,43.4376841299849,Low
Spain,ES,2005,3.5512255846125,3.36881409750383,43653155.0,40.2343199754081,Low
Spain,ES,2006,4.04343515605099,3.51557576832128,44397319.0,35.7479971637415,Low
Spain,ES,2007,3.53350013165972,2.78679745804945,45226803.0,31.7331273426985,Low
Spain,ES,2008,0.767165748290694,4.07534335957339,45954106.0,35.7047178362371,Low
Spain,ES,2009,-3.76813306940053,-0.28781308353524,46362946.0,48.1994103860454,Low
Spain,ES,2010,0.0941223116369514,1.79986457728768,46576897.0,49.9611949485467,Low
Spain,ES,2011,-0.639920636520344,3.1961018883379,46742697.0,57.7899857640377,Low
Spain,ES,2012,-2.86511368637748,2.44612782366808,46773055.0,77.446159411603,Medium
Spain,ES,2013,-1.42732224757626,1.40858109183018,46604197.0,91.8693310672975,High
Spain,ES,2014,1.52048593647231,-0.151114837527234,46460733.0,104.927837414283,High
Spain,ES,2015,4.06086672473866,-0.500365709903242,46422303.0,104.513601500945,High
Spain,ES,2016,2.91515598595787,-0.202598000426452,46458139.0,105.968137016467,High
Spain,ES,2017,2.89604207865007,1.95607633363963,46571232.0,106.577780516625,High
Spain,ES,2018,2.39541124478878,1.6749813686379,46782011.0,107.203121919581,High
Spain,ES,2019,1.96117850841711,0.699518994458738,47118501.0,111.293101240882,High
Spain,ES,2020,-10.9400706350371,-0.322753017299739,47359424.0,138.955245532848,High
Spain,ES,2021,6.68314420473001,3.09313511976419,47443821.0,132.547539168518,High
Spain,ES,2022,6.37031712129601,8.39057634118626,47786102.0,109.021131387118,High
Spain,ES,2023,2.46085796805582,3.53236133492432,48352528.0,107.392919205272,High
Spain,ES,2024,3.45525405630191,2.77417826534772,48848840.0,105.639074777338,High
Sri Lanka,LK,1990,6.39999531084838,21.495252052759,16352458.0,96.5806255127663,High
Sri Lanka,LK,1991,4.59998724404535,12.1856307214389,16475354.0,98.4833957754233,High
Sri Lanka,LK,1992,4.39999125181939,11.3834370512206,16739284.0,95.3619119503954,High
Sri Lanka,LK,1993,6.90006325149474,11.7467370174946,17025918.0,96.7978140982655,High
Sri Lanka,LK,1994,5.59991872510166,8.44871248698348,17275773.0,94.8553232346257,High
Sri Lanka,LK,1995,5.5000852341585,7.67484873449805,17564068.0,94.6498205974494,High
Sri Lanka,LK,1996,3.79996720568178,15.9358310447214,17905018.0,92.343984335944,High
Sri Lanka,LK,1997,6.40539969571286,9.57369626405162,18248200.0,86.105931670321,Medium
Sri Lanka,LK,1998,4.69842304772052,9.36424300683229,18596003.0,89.1958239111343,Medium
Sri Lanka,LK,1999,4.30054049813373,4.69170563048438,18944731.0,95.1081546127673,High
Sri Lanka,LK,2000,6.00003315828934,6.17627591012045,19293054.0,96.9040326453759,High
Sri Lanka,LK,2001,-1.54540813366026,14.15845579912,19600362.0,103.219274149885,High
Sri Lanka,LK,2002,3.96467568513113,9.55103167007251,19805752.0,105.524990754701,High
Sri Lanka,LK,2003,5.9402690780223,6.31463787051174,19951521.0,102.270712023476,High
Sri Lanka,LK,2004,5.44506127885352,7.57592582995856,20087605.0,102.328536698869,High
Sri Lanka,LK,2005,6.24174804376447,11.6396860971118,20216524.0,90.6049131149854,High
Sri Lanka,LK,2006,7.66829190107919,10.0201836057035,20352411.0,88.6994841221229,Medium
Sri Lanka,LK,2007,6.79682611892866,15.8421114924843,20492545.0,84.9944169483341,Medium
Sri Lanka,LK,2009,3.53891205317842,3.46496322106074,20756435.0,86.063491912486,Medium
Sri Lanka,LK,2010,8.01596737055139,6.2176488930462,20879089.0,69.2530251841806,Medium
Sri Lanka,LK,2011,8.6694830119314,6.7167684358854,21009048.0,68.5257394056158,Medium
Sri Lanka,LK,2012,8.63218137662685,7.54291373239437,21169458.0,66.747235367113,Medium
Sri Lanka,LK,2013,4.05174633027869,6.90845034828452,20585000.0,68.3536165599981,Medium
Sri Lanka,LK,2014,6.3779788972687,3.1790022823606,20778000.0,68.5910423357715,Medium
Sri Lanka,LK,2015,4.20595547449241,3.76836783062096,20970000.0,73.5126591624451,Medium
St. Kitts and Nevis,KN,2002,1.36771507253633,2.04109102620208,46020.0,79.2688095806907,Medium
St. Kitts and Nevis,KN,2003,-3.93339486032939,2.23543664374553,46176.0,92.3085420315927,High
St. Kitts and Nevis,KN,2004,3.99634666125431,2.31455462238093,46315.0,90.828054331704,High
St. Kitts and Nevis,KN,2005,9.73282070298016,3.37781903988238,46437.0,92.3212291448103,High
St. Kitts and Nevis,KN,2006,3.15038119968223,8.48748575845879,46569.0,84.6590647845878,Medium
St. Kitts and Nevis,KN,2007,0.600602326543751,4.48088608614726,46706.0,97.046322814295,High
St. Kitts and Nevis,KN,2008,11.3170358267109,5.30029675072584,46835.0,92.4815575039171,High
St. Kitts and Nevis,KN,2009,-3.40474015376245,2.05793709041836,46916.0,100.754350550575,High
St. Kitts and Nevis,KN,2010,-0.0541942065330545,0.850878649795844,46846.0,104.877909576037,High
St. Kitts and Nevis,KN,2011,1.61660730423688,5.8351651957086,46886.0,103.00959046712,High
St. Kitts and Nevis,KN,2012,-0.737636737448398,0.816089281562459,47033.0,96.9555960797348,High
St. Kitts and Nevis,KN,2013,5.72728087234704,1.10698554000129,47069.0,67.1288453720016,Medium
St. Kitts and Nevis,KN,2014,7.57696602328922,0.247865392364942,47089.0,57.666394367293,Low
St. Lucia,LC,2000,0.0487485535201131,3.7107860871361,158616.0,30.8776806989674,Low
St. Lucia,LC,2001,-3.40806396189404,5.30722081028547,160237.0,40.0705394190871,Low
St. Lucia,LC,2002,0.416450493043214,-0.255536626916508,161641.0,50.0329218106996,Low
St. Lucia,LC,2003,4.26461148738223,1.03425372426221,162976.0,48.5183795948987,Low
St. Lucia,LC,2004,7.2674088699471,1.46036814425245,164239.0,49.5833333333333,Low
St. Lucia,LC,2005,-0.410304726290235,3.89827370759476,165450.0,52.0352250489237,Low
St. Lucia,LC,2006,6.19525729141048,2.39562082529168,166639.0,47.1957374440562,Low
St. Lucia,LC,2007,1.69161857433913,2.82310373736929,167758.0,45.2980532065982,Low
St. Lucia,LC,2008,4.94932194028057,5.54954769383937,168808.0,41.6345301264286,Low
St. Lucia,LC,2009,-2.82889954830628,-0.156936087168669,169869.0,43.3977023635892,Low
St. Lucia,LC,2010,0.330018546071486,3.25034409180129,170906.0,45.8570272133998,Low
St. Vincent and the Grenadines,VC,1990,4.14918678513905,7.60609957743892,111812.0,31.5259094901308,Low
St. Vincent and the Grenadines,VC,1991,1.13557520041245,5.49200387001333,112222.0,31.5824661356898,Low
St. Vincent and the Grenadines,VC,1992,6.37794062708292,3.46353042727654,112509.0,33.631808975589,Low
St. Vincent and the Grenadines,VC,1993,4.25073077397103,4.29137553446651,112735.0,40.7099336377631,Low
St. Vincent and the Grenadines,VC,1994,-1.24762336447148,1.0089495525225,112918.0,43.2640630598352,Low
St. Vincent and the Grenadines,VC,1995,7.76665024455248,1.73837289880567,113047.0,43.3534141253135,Low
St. Vincent and the Grenadines,VC,1996,1.28791200314089,4.40790113846454,113119.0,41.6080087595808,Low
St. Vincent and the Grenadines,VC,1997,3.50515087270627,0.443616029823348,113141.0,39.3831604507018,Low
St. Vincent and the Grenadines,VC,1998,4.0901949332585,2.1424064726839,113180.0,40.0388592047741,Low
St. Vincent and the Grenadines,VC,1999,2.71031071289156,1.01355044438875,113366.0,51.9460822416441,Low
St. Vincent and the Grenadines,VC,2000,1.63903190394467,0.167679637488279,113545.0,47.911890587105,Low
St. Vincent and the Grenadines,VC,2001,1.74823102028898,0.9008584858665,113501.0,45.5115533057875,Low
St. Vincent and the Grenadines,VC,2002,5.34212707436718,1.85550399046655,113347.0,49.5534268859916,Low
St. Vincent and the Grenadines,VC,2003,6.69133665352797,0.205981708824254,113141.0,52.4828063154553,Low
St. Vincent and the Grenadines,VC,2004,4.11469880444737,2.96003946719286,112835.0,56.3132501150882,Low
St. Vincent and the Grenadines,VC,2005,2.48855733938132,3.7334291646702,112450.0,54.2704239409077,Low
St. Vincent and the Grenadines,VC,2006,6.99692626758825,2.74067516070673,112014.0,51.3164930897991,Low
St. Vincent and the Grenadines,VC,2007,3.3229685982929,7.23614701584807,111531.0,43.8571223188117,Low
St. Vincent and the Grenadines,VC,2008,0.404640808638888,10.0662418245849,111028.0,43.5145083072876,Low
St. Vincent and the Grenadines,VC,2009,-1.3781936056056,0.421539125687215,110508.0,53.6982398780635,Low
Sudan,SD,1998,4.30850425525036,24.6218785461586,26458999.0,786.949168449653,High
Sudan,SD,1999,3.10409561549652,17.1664454201761,27130613.0,865.873242919908,High
Switzerland,CH,1990,3.67462550079662,5.40395909218937,6715519.0,12.3253217628628,Low
Switzerland,CH,1991,-0.915816616547943,5.85959663468677,6799978.0,13.0443645232101,Low
Switzerland,CH,1992,-0.0437330086271288,4.03703020778739,6875364.0,15.2316390716792,Low
Switzerland,CH,1993,-0.125983460416222,3.29262180313606,6938265.0,18.4445481282332,Low
Switzerland,CH,1994,1.26975779924055,0.852116995120664,6993795.0,20.0680258700935,Low
Switzerland,CH,1995,0.480866374676907,1.79982776867149,7040687.0,22.4952087771142,Low
Switzerland,CH,1996,0.471280025458157,0.811634064628187,7071850.0,22.9044358708838,Low
Switzerland,CH,1997,2.26132529914345,0.52022542273664,7088906.0,24.923764904958,Low
Switzerland,CH,1998,3.02996930632413,0.0179384378439321,7110001.0,27.1341876040475,Low
Switzerland,CH,1999,1.66270104939127,0.806444380959459,7143991.0,25.0056548766129,Low
Switzerland,CH,2000,3.95871990780931,1.55852919679008,7184250.0,25.7779061612304,Low
Switzerland,CH,2001,1.57566198688916,0.989020329832545,7229854.0,24.7027735782155,Low
Switzerland,CH,2002,-0.0732172569941127,0.642711506543277,7284753.0,29.742984484904,Low
Switzerland,CH,2003,-0.0323984255438887,0.638272930887189,7339001.0,28.8028890808021,Low
Switzerland,CH,2004,2.70170912949028,0.802908730955226,7389625.0,29.3653695166451,Low
Switzerland,CH,2005,2.74969910618739,1.17195420333702,7437115.0,29.3971783222549,Low
Switzerland,CH,2006,4.0736284178369,1.05950928324804,7483934.0,25.7683538859672,Low
Switzerland,CH,2007,3.91637577227581,0.732350603122236,7551117.0,23.655829446943,Low
Switzerland,CH,2008,2.8079835919566,2.42604117060157,7647675.0,23.082653900009,Low
Switzerland,CH,2009,-2.29737452570922,-0.480481936423304,7743831.0,21.7016373939593,Low
Switzerland,CH,2010,3.24339715656356,0.688238707219974,7824909.0,20.9935662243333,Low
Switzerland,CH,2011,1.81310830459596,0.2313492076509,7912398.0,21.1420070501854,Low
Switzerland,CH,2012,1.17925385250513,-0.692552018105163,7996861.0,21.3444959349686,Low
Switzerland,CH,2013,1.79214400716117,-0.217323155115672,8089346.0,20.218157443689,Low
Switzerland,CH,2014,2.34988141500179,-0.0132025387515945,8188649.0,20.611242786827,Low
Switzerland,CH,2015,1.64462750849488,-1.14390867228178,8282396.0,20.4392949592688,Low
Switzerland,CH,2016,2.06868969039562,-0.434618664285814,8373338.0,19.3809926558719,Low
Switzerland,CH,2017,1.36279965488859,0.533787839825876,8451840.0,20.2844118326667,Low
Switzerland,CH,2018,2.86044579439036,0.936335464113572,8514329.0,18.678118566674,Low
Switzerland,CH,2019,1.14198218965691,0.362886179940674,8575280.0,18.9542598066682,Low
Switzerland,CH,2020,-2.14173712008038,-0.725874933313402,8638167.0,20.8521076737596,Low
Switzerland,CH,2021,5.55962020605844,0.581814168489855,8704546.0,19.9391907506215,Low
Switzerland,CH,2022,3.04406102969423,2.83502798644451,8777088.0,17.5861857642239,Low
Switzerland,CH,2023,0.683328174376044,2.13540088016386,8888822.0,19.8822985282172,Low
Switzerland,CH,2024,1.30233332541106,1.06234041976594,9005582.0,23.0721464329694,Low
Tajikistan,TJ,2001,9.58083617842951,38.59188944886,6407377.0,79.804079881426,Medium
Thailand,TH,1990,11.1671634446293,5.86399474375828,54738329.0,18.4477538501483,Low
Thailand,TH,1991,8.5582603212423,5.70985259891396,55637434.0,13.3655673362757,Low
Thailand,TH,1992,8.08338802345332,4.13914575077056,56528834.0,10.8789951587465,Low
Thailand,TH,1993,8.25191591524627,3.31219168428468,57408198.0,8.18624353670039,Low
Thailand,TH,1994,7.99702466720433,5.04774897680755,58260854.0,5.69321973711674,Low
Thailand,TH,1995,8.12031534625378,5.81818181818192,59098232.0,4.61009471231839,Low
Thailand,TH,1996,5.65194446499471,5.80510554737349,59920064.0,3.67349745742469,Low
Thailand,TH,1997,-2.75357515314082,5.62579747129104,60724584.0,4.64152040948473,Low
Thailand,TH,1998,-7.63403528600102,7.9947287502746,61522630.0,10.6698573854214,Low
Thailand,TH,1999,4.57230775115542,0.284726459223034,62299043.0,20.0057789155598,Low
Thailand,TH,2000,4.45524704335014,1.59196917460972,63007815.0,21.9645865139196,Low
Thailand,TH,2001,3.44424900968372,1.62690887314091,63651141.0,24.5783340358589,Low
Thailand,TH,2002,6.14903605210036,0.697308976625449,64266437.0,30.0703562721572,Low
Thailand,TH,2003,7.18924330340971,1.80434994635721,64868166.0,27.0460183720806,Low
Thailand,TH,2004,6.28934214285795,2.7591492623108,65452047.0,24.3963998008709,Low
Thailand,TH,2005,4.18763842884337,4.54036919634535,66017420.0,25.4581282780769,Low
Thailand,TH,2006,4.96781089246107,4.63747436011765,66567687.0,24.3806591494652,Low
Thailand,TH,2007,5.43515169050809,2.24154095286803,67102394.0,22.9934668319175,Low
Thailand,TH,2008,1.72569884866334,5.46848949649845,67619830.0,22.4502172623288,Low
Thailand,TH,2009,-0.690618232300579,-0.845716092316721,68121080.0,26.7791952036446,Low
Thailand,TH,2010,7.51339053261624,3.24758842443723,68579447.0,26.9008455437265,Low
Thailand,TH,2011,0.840132083053334,3.80879058139634,69007208.0,28.1319763006874,Low
Thailand,TH,2012,7.24279620249642,3.01489950334985,69436098.0,28.4447160238828,Low
Thailand,TH,2013,2.68749556320556,2.18488618530687,69845114.0,38.1666950570794,Low
Thailand,TH,2014,0.984468863619426,1.8951418189878,70216367.0,35.3904739452699,Low
Thailand,TH,2015,3.13404724911635,-0.900424963291569,70540795.0,36.6705695355179,Low
Thailand,TH,2016,3.43515771692182,0.188149704448143,70859841.0,37.3065204045664,Low
Thailand,TH,2018,4.22287028746071,1.06389754183024,71376079.0,37.9104188436045,Low
Thailand,TH,2019,2.11455779628278,0.706728601314311,71522271.0,38.6277055941279,Low
Thailand,TH,2020,-6.05003846851622,-0.845937147357041,71641484.0,50.3227814999415,Low
Thailand,TH,2021,1.55216608426647,1.23039541318384,71727332.0,58.5114542035114,Low
Thailand,TH,2022,2.58037874709827,-1.61068030486688,71735329.0,60.349920189306,Medium
Thailand,TH,2023,2.01775095328327,8.47805174421543,71702435.0,61.1243613638526,Medium
Thailand,TH,2024,2.54182067735289,1.36580540798037,71668011.0,62.1983655632713,Medium
Tonga,TO,2013,0.393922530137331,0.77562932236742,107078.0,48.914577670051,Low
Tonga,TO,2014,1.99053625497055,2.51087633253706,106609.0,47.3558959748934,Low
Tonga,TO,2015,1.11374405685874,-1.05399831971283,106095.0,51.114971793039,Low
Tonga,TO,2016,6.59870436118344,2.57815515245081,105524.0,49.3817801189399,Low
Tonga,TO,2017,3.2023165092282,7.51706283551115,105356.0,45.6224781466791,Low
Tonga,TO,2018,0.527827266310538,5.03209691984874,105567.0,48.2405761734079,Low
Tonga,TO,2019,-0.285208794735084,1.17954334821808,105669.0,43.0541813775852,Low
Tonga,TO,2020,1.80618735341196,-0.349737696727496,105704.0,43.0808046891087,Low
Trinidad and Tobago,TT,2006,13.2080586051735,8.32960351465347,1297944.0,16.803206848237,Low
Trinidad and Tobago,TT,2007,4.75420970092722,7.89438834757299,1303188.0,15.928004235045,Low
Tunisia,TN,1990,7.94981943665461,6.54529307282414,8324509.0,54.7703800956018,Low
Tunisia,TN,1991,3.90454530313198,8.19371509544085,8501827.0,60.6727188081937,Medium
Tunisia,TN,1992,7.80572887722397,5.82434514637906,8682512.0,55.4991317544397,Low
Tunisia,TN,1993,2.18982886145824,3.9749563191613,8857910.0,59.3098274568642,Low
Tunisia,TN,1994,3.17841132209441,4.73323063996595,9018448.0,59.0345141585198,Low
Tunisia,TN,1995,2.35166985086541,6.24415028747146,9161258.0,57.518267866149,Low
Tunisia,TN,1996,7.14608096782061,3.72514472690715,9294432.0,55.2965179400303,Low
Tunisia,TN,1997,5.44094350107467,3.65202620723071,9421270.0,56.9353278066895,Low
Tunisia,TN,1998,4.78376247825665,3.12536579655862,9541667.0,54.2817440338334,Low
Tunisia,TN,1999,6.05463447898158,2.6901248581158,9655963.0,55.6386363803379,Low
Tunisia,TN,2000,4.7099729138049,2.96230794738605,9764935.0,56.7212758294998,Low
Tunisia,TN,2001,3.79627166202512,1.98333333333337,9869677.0,56.4678199732883,Low
Tunisia,TN,2002,1.32255714828946,2.72103284850455,9971515.0,55.9344340024072,Low
Tunisia,TN,2003,4.70239953285241,2.71259247474352,10071632.0,55.0213155722411,Low
Tunisia,TN,2004,6.23579072222647,3.63228004956625,10166163.0,53.8375580931292,Low
Tunisia,TN,2005,3.4865455430439,2.01778641357144,10255472.0,52.4205297222421,Low
Tunisia,TN,2006,5.24409983246916,3.22525337438917,10346410.0,48.5639104645928,Low
Tunisia,TN,2007,6.70952097453554,2.96694432477349,10441702.0,45.7824704950416,Low
Tunisia,TN,2008,4.23778147502819,4.34502807623045,10542635.0,43.2877054340983,Low
Tunisia,TN,2009,3.04345012371552,3.66490330642919,10650681.0,42.9297921509547,Low
Tunisia,TN,2010,2.97113275066512,3.33897963601069,10765980.0,38.7660002963438,Low
Tunisia,TN,2011,-2.04663389535644,3.24002842009531,10886035.0,42.4807224505219,Low
Tunisia,TN,2012,4.21667711535632,4.6118443220664,11009647.0,42.5197543010178,Low
Turkiye,TR,1990,9.26614667149315,60.3038691346447,56015628.0,30.2454942016516,Low
Turkiye,TR,1991,0.720279035610119,65.978567991895,57009887.0,32.1299111323629,Low
Turkiye,TR,1992,5.03563493896803,70.0761038690374,57990118.0,34.0172750620102,Low
Turkiye,TR,1993,7.65126520301509,66.0938429820004,58999167.0,33.6982232562415,Low
Turkiye,TR,1994,-4.66814736394839,105.214986469202,60033836.0,44.0175057105221,Low
Turkiye,TR,1995,7.87826687618991,89.1133172248499,61024503.0,25.8570964356936,Low
Turkiye,TR,1996,7.15779847930847,80.4121511388042,61951134.0,27.4847222842895,Low
Turkiye,TR,1997,7.3578623747848,85.6693616499779,62852966.0,31.8793752282311,Low
Turkiye,TR,1998,1.90857064345151,84.6413434846314,63734383.0,30.2863787420054,Low
Turkiye,TR,2008,0.920118221365883,10.4441283764885,71051678.0,41.0318813015611,Low
Turkiye,TR,2009,-4.88269401706633,6.25097663090626,72039206.0,48.4871401208098,Low
Turkiye,TR,2010,8.54219848467686,8.56644420552976,73142150.0,45.1797411840038,Low
Turkiye,TR,2011,10.9799625273598,6.471879671151,74223629.0,39.9693425323809,Low
Turkiye,TR,2012,4.80762696633448,8.89156996512163,75175827.0,37.6997174684634,Low
Turkiye,TR,2013,8.48825689298511,7.49309030547693,76147624.0,31.7836465280795,Low
Turkiye,TR,2014,4.60079447270559,8.85457271364316,77181884.0,31.1206735016751,Low
Turkiye,TR,2015,5.80557386628684,7.67085364845885,78218479.0,29.145145266046,Low
Turkiye,TR,2016,3.32366508200445,7.7751341532833,79277962.0,30.075201418508,Low
Turkiye,TR,2017,7.82585730002594,11.1443110840764,80312698.0,29.5734179673603,Low
Turkiye,TR,2018,3.46815306092219,16.3324638988929,81407204.0,29.3999927208091,Low
Turkiye,TR,2019,1.30162365464503,15.1768215720022,82579440.0,33.4600744570718,Low
Turkiye,TR,2020,1.80306247087255,12.2789574462574,83384680.0,41.0396523893444,Low
Turkiye,TR,2021,11.811094450607,19.5964926913324,84147318.0,41.6375124693568,Low
Turkiye,TR,2022,5.44122511322401,72.3088359891207,84979913.0,35.3300843740665,Low
Turkiye,TR,2023,5.04512369812289,53.8594087593315,85325965.0,33.2548360254558,Low
Turkiye,TR,2024,3.3276230893799,58.5064507300342,85518661.0,26.6192344930079,Low
Uganda,UG,2018,6.30392378262997,2.61601190952274,41565831.0,34.6735709945694,Low
Uganda,UG,2019,6.43874503276439,2.867588034469,42999637.0,38.4769453120331,Low
Uganda,UG,2020,2.95130642218098,3.31332289544502,44457152.0,44.1859143089924,Low
Uganda,UG,2021,3.53658034070898,2.20457204757414,45910930.0,51.3026623500196,Low
Uganda,UG,2022,4.58802192181773,7.1957888597581,47312719.0,53.890283064004,Low
Uganda,UG,2023,5.33697295511469,5.35094804280395,48656601.0,53.1469350748667,Low
Uganda,UG,2024,6.05558075875589,3.3233806708656,50015092.0,54.4305525836671,Low
Ukraine,UA,1999,-0.200000000106499,22.6836718061345,49976446.0,60.9764493031386,Medium
Ukraine,UA,2000,5.90000000024899,28.2030972388552,49556660.0,43.7297874273256,Low
Ukraine,UA,2008,2.24349159628288,25.226461707384,46819175.0,13.2299542095983,Low
Ukraine,UA,2009,-15.1364679101502,15.8811924594476,46623731.0,23.9900342329063,Low
Ukraine,UA,2010,4.09200436668087,9.37293105078978,46456003.0,28.8666366228354,Low
Ukraine,UA,2011,5.44528081048476,7.95572466274652,46307853.0,26.4808201734686,Low
Ukraine,UA,2012,0.152314967200653,0.568727971803862,46210056.0,32.445911715199,Low
Ukraine,UA,2013,0.045439094492707,-0.238948626045407,46126770.0,35.6313995863809,Low
Ukraine,UA,2014,-10.0788949840953,12.0718562874251,45972380.0,63.6653191884884,Medium
Ukraine,UA,2015,-9.7729872128676,48.6998646434424,45784896.0,70.2588376218982,Medium
Ukraine,UA,2016,2.44098194492067,13.9127101997797,45616832.0,71.8095454494004,Medium
Ukraine,UA,2017,2.35997228099491,14.4383227488749,45436041.0,66.7346465062875,Medium
Ukraine,UA,2018,3.48836234022659,10.9518559353178,45208907.0,56.9059506749708,Low
Ukraine,UA,2019,3.19950386354134,7.88671745611133,44957458.0,48.3272696003568,Low
Ukraine,UA,2020,-3.75281793983162,2.73249209419427,44680014.0,58.7161850732326,Low
United Arab Emirates,AE,2013,4.91847806719888,1.1011183637571,7693031.0,1.80326774795663,Low
United Kingdom,GB,1990,0.779266119883417,8.06346090938833,57247586.0,30.2033709452908,Low
United Kingdom,GB,1991,-1.29243974751705,7.46178295746934,57424897.0,29.1948960284953,Low
United Kingdom,GB,1992,1.29472849604493,4.59154929577461,57580402.0,30.3997500632281,Low
United Kingdom,GB,1993,3.49048744653493,2.55857796929705,57718614.0,35.3135500060757,Low
United Kingdom,GB,1994,4.95341092800692,2.21901260504205,57865745.0,40.4800884599488,Low
United Kingdom,GB,1995,3.53339096338078,2.69749518304432,58019030.0,88.2190284248486,Medium
United Kingdom,GB,1996,2.61491606949487,2.85178236397749,58166950.0,87.1897058807433,Medium
United Kingdom,GB,1997,4.8799853038024,2.20114313510882,58316954.0,88.2229100746031,Medium
United Kingdom,GB,1998,3.24631482881618,1.82056163731557,58487141.0,90.0985636275882,High
United Kingdom,GB,1999,2.94445869854798,1.7529508005142,58682466.0,87.2968787467984,Medium
United Kingdom,GB,2000,4.52438074810904,1.18295624210408,58892514.0,87.284376049437,Medium
United Kingdom,GB,2001,2.39102229602824,1.53234960272418,59119673.0,84.04178204707,Medium
United Kingdom,GB,2002,1.70902736258567,1.52040245947455,59370479.0,86.1686223366587,Medium
United Kingdom,GB,2003,3.21851612669614,1.37650038542013,59647577.0,86.4073086616893,Medium
United Kingdom,GB,2004,2.32601853325993,1.39039756680422,59987905.0,90.2045973945536,High
United Kingdom,GB,2005,2.7906547174688,2.0891364902507,60401206.0,91.8639528693767,High
United Kingdom,GB,2006,2.18982132415704,2.4556616643929,60846820.0,91.788062892401,High
United Kingdom,GB,2007,2.93091133582351,2.38656150773327,61322463.0,93.3735852072108,High
United Kingdom,GB,2008,-0.0494116727402769,3.52140856342539,61806995.0,104.84023075526,High
United Kingdom,GB,2009,-4.58740819226323,1.96173173560109,62276270.0,122.887383328898,High
United Kingdom,GB,2010,2.26054460931586,2.49265472467065,62766365.0,130.497283454602,High
United Kingdom,GB,2011,0.851437739020326,3.8561124468282,63258810.0,143.125971214621,High
United Kingdom,GB,2012,1.52826034721852,2.5732347965453,63711000.0,146.371335905972,High
United Kingdom,GB,2013,1.71846961308464,2.29166666666659,64139000.0,141.033172505075,High
United Kingdom,GB,2014,3.16017351468152,1.45112016293279,64620000.0,149.584281299965,High
United Kingdom,GB,2015,2.14040560033371,0.36804684232536,65088000.0,147.063146778865,High
United Kingdom,GB,2016,2.20652020635357,1.0084173681141,65607000.0,155.581504971929,High
United Kingdom,GB,2017,3.02322219840339,2.55775577557747,65966000.0,160.141177233502,High
United Kingdom,GB,2018,1.55133095078786,2.29283990345938,66289000.0,156.766820519267,High
United Kingdom,GB,2019,1.25629899760824,1.73810460086513,66631000.0,158.972569875821,High
United Kingdom,GB,2020,-10.047896637362,0.989486703772491,66744000.0,194.682828796265,High
United Kingdom,GB,2021,8.5431118453255,2.51837109614213,66984000.0,183.804848939919,High
United Kingdom,GB,2022,5.14970388522993,7.92204883147902,67604000.0,138.215904304967,High
United Kingdom,GB,2023,0.271650048355255,6.79396706793963,68492000.0,136.142431919028,High
United Kingdom,GB,2024,1.1264226705118,3.2715729463592,69226000.0,131.073062954793,High
United States,US,1989,3.67223784383981,4.82700303008944,246819000.0,39.128400199944,Low
United States,US,1990,1.88596558187626,5.39795643990325,249623000.0,40.933943570707,Low
United States,US,1991,-0.108312882368935,4.23496396453849,252981000.0,44.0615972806026,Low
United States,US,1992,3.52249717301392,3.02881967814969,256514000.0,46.0501444176036,Low
United States,US,1993,2.75179586709815,2.95165696638559,259919000.0,48.2461403335599,Low
United States,US,1994,4.02902272983438,2.60744159215453,263126000.0,47.3534821707435,Low
United States,US,1995,2.6844307317787,2.80541968853662,266278000.0,47.2095352870886,Low
United States,US,1996,3.77277269119453,2.93120419993441,269394000.0,46.7417685500108,Low
United States,US,1997,4.44712793566428,2.33768993730735,272657000.0,44.1174698332784,Low
United States,US,1998,4.48313335374613,1.55227909874364,275854000.0,41.1291489790385,Low
United States,US,1999,4.78842504725272,2.18802719697358,279040000.0,37.7272782686058,Low
United States,US,2000,4.07758575682804,3.37685727149929,282162411.0,33.2676548646821,Low
United States,US,2001,0.955538348341605,2.82617111885407,284968955.0,52.6288977430517,Low
United States,US,2002,1.70044732643726,1.58603162650601,287625193.0,54.0472133861297,Low
United States,US,2003,2.79560596320081,2.27009497336115,290107933.0,56.4292821179909,Low
United States,US,2004,3.84777169556921,2.67723669309172,292805298.0,56.8323090866456,Low
United States,US,2005,3.48354993555606,3.3927468454955,295516599.0,56.6929754702153,Low
United States,US,2006,2.78453963650701,3.22594410070404,298379912.0,55.6206336286886,Low
United States,US,2007,2.00385829784946,2.85267248150138,301231207.0,55.81423486742,Low
United States,US,2008,0.113587249881704,3.839100296651,304093966.0,63.9719356606883,Medium
United States,US,2009,-2.57650022958367,-0.355546266299747,306771529.0,76.0321911124259,Medium
United States,US,2010,2.69519257744442,1.6400434423899,309378227.0,85.1548294082739,Medium
United States,US,2011,1.56440685763506,3.156841568622,311839461.0,89.7347177439651,Medium
United States,US,2012,2.28911338669843,2.06933726526067,314339099.0,93.8330014607143,High
United States,US,2013,2.11783009790057,1.46483265562717,316726282.0,95.7184835504169,High
United States,US,2014,2.52381981363968,1.62222297740817,319257560.0,95.9491132711014,High
United States,US,2015,2.94555045484053,0.118627135552451,321815121.0,96.6110565851958,High
United States,US,2016,1.81945147788167,1.26158320570536,324353340.0,98.6931939368279,High
United States,US,2017,2.45762229852507,2.13011000365961,326608609.0,97.8800564031882,High
United States,US,2018,2.96650506901305,2.44258329692817,328529577.0,99.2223695206525,High
United States,US,2019,2.58382533412825,1.81221007526021,330226227.0,100.979786328903,High
United States,US,2020,-2.16302914036166,1.23358439630629,331577720.0,126.370405951231,High
United States,US,2021,6.05505293244555,4.69785886363742,332099760.0,120.367733355153,High
United States,US,2022,2.51237531986017,8.00279982052121,334017321.0,114.694842004206,High
United States,US,2023,2.88755600749487,4.11633838374488,336806231.0,116.918808847311,High
United States,US,2024,2.79300127716779,2.94952520485207,340110988.0,117.973234857902,High
Uruguay,UY,1990,0.297348378681562,112.525905573023,3104403.0,31.5959630364015,Low
Uruguay,UY,1991,3.53880850451309,101.971683202507,3122354.0,24.5905757591411,Low
Uruguay,UY,1992,7.93158841395443,68.4591938395374,3139702.0,23.6047773194107,Low
Uruguay,UY,1993,2.65754610698545,54.1007924425194,3156345.0,21.8791430371302,Low
Uruguay,UY,1994,7.28134264410127,44.7360421521933,3172834.0,24.5301880718095,Low
Uruguay,UY,2001,-3.84412995940374,4.3593406521727,3274251.0,40.6433348596506,Low
Uruguay,UY,2002,-7.73200721540044,13.9724725913515,3278867.0,95.2678607204109,High
Uruguay,UY,2003,0.805283915893824,19.3797301743995,3281186.0,105.602780852245,High
Uruguay,UY,2004,5.00416035564457,9.15760507540997,3283148.0,85.425594123742,Medium
Uruguay,UY,2005,7.4601321302473,4.6992773903564,3285771.0,76.1144597080025,Medium
Uruguay,UY,2006,4.09857735445401,6.39764974385131,3289506.0,68.4607045920176,Medium
Uruguay,UY,2007,6.54151084504817,8.11464561179313,3295153.0,57.5599818770038,Low
Uruguay,UY,2008,7.17614466455107,7.87707374730888,3302177.0,55.8665794658295,Low
Uruguay,UY,2009,4.24349419462426,7.06221874388574,3310091.0,47.6955014411912,Low
Uruguay,UY,2010,7.8034096507169,6.69870886978132,3318580.0,42.4666388141691,Low
Uruguay,UY,2011,5.16213302463606,8.0928320630299,3326825.0,43.2074168775786,Low
Uruguay,UY,2012,3.53817872056869,8.09776580573602,3335401.0,41.0282347488741,Low
Uruguay,UY,2013,4.63753862902416,8.57513504005397,3345337.0,40.0884943756463,Low
Uruguay,UY,2014,3.23879122952364,8.87735333229828,3356334.0,41.2850007406183,Low
Uruguay,UY,2015,0.370741257681345,8.66626987079328,3368017.0,47.2765585126953,Low
Uruguay,UY,2016,1.68979822971775,9.6394134763508,3379283.0,46.4584676105582,Low
Uruguay,UY,2017,1.74037643374211,6.2180938256186,3388438.0,45.0744196869827,Low
Uruguay,UY,2018,0.164777608940113,7.60653360377047,3394534.0,47.341475064134,Low
Uruguay,UY,2019,0.928351141267498,7.88198870879619,3397206.0,50.1314491818532,Low
Uruguay,UY,2020,-7.35732706484723,9.75640636078194,3398968.0,60.4014181135621,Medium
Uruguay,UY,2021,5.84427312558179,7.74791402314762,3396695.0,58.113052857752,Low
Uruguay,UY,2022,4.48622703072073,9.10437983075437,3390913.0,54.2372595323111,Low
Uruguay,UY,2023,0.742128785315927,5.86910359896119,3388081.0,62.3670975853084,Medium
Uruguay,UY,2024,3.10825478066172,4.84914366613156,3386588.0,66.4049496784084,Medium
Vanuatu,VU,1990,11.6956997985937,4.7594412829797,148063.0,23.4169659568011,Low
Vanuatu,VU,1995,1.00394504149095,2.22970130416487,167137.0,24.1834507924015,Low
Vanuatu,VU,1996,2.3273354164422,0.906344410876219,170911.0,22.3390410958904,Low
Vanuatu,VU,1997,4.90681267768768,2.83070223189979,174626.0,23.3531607922546,Low
Vanuatu,VU,1998,1.17685436113621,3.28215987294863,178313.0,28.4031452746136,Low
Vanuatu,VU,1999,0.337293221894313,1.99897488467452,182048.0,27.3032116324112,Low
Vanuatu,VU,2021,-1.55229489129462,2.34328358208953,305868.0,87.0720898262884,Medium
Vanuatu,VU,2022,5.18622862422562,6.67930581887121,313046.0,79.7735452170055,Medium
Vanuatu,VU,2023,2.093743250054,11.1825017088175,320409.0,72.3247537863113,Medium
Zambia,ZM,1990,-0.481072027781664,107.023809523808,7786169.0,244.380536439033,High
Zambia,ZM,1991,-0.0361333838823299,97.6423231742383,7981650.0,277.530307986501,High
Zambia,ZM,1992,-1.73092217352566,165.70652700999,8176680.0,164.700753558863,High
Zambia,ZM,1993,6.79727404907118,183.312041464393,8373921.0,161.786076869105,High
Zambia,ZM,1994,-8.62544195231277,54.6013218413016,8576269.0,149.209889858483,High
Zambia,ZM,1995,2.89766889341698,34.9295874166667,8785763.0,155.279224614308,High
Zambia,ZM,1996,6.21854648894293,43.0730979982882,9004053.0,175.934490736564,High
Zambia,ZM,1997,3.81400749718355,24.4187215689412,9237063.0,150.072548942759,High
Zambia,ZM,1998,-0.38574614579035,24.4584563516656,9482408.0,161.232157851948,High
Zambia,ZM,2010,10.2982233241213,8.50176133365265,13965594.0,17.3215114809658,Low
Zambia,ZM,2011,5.56925219263019,6.4293968107234,14437796.0,18.0499093578444,Low
Zambia,ZM,2012,7.59738104901994,6.57589970757698,14913629.0,23.4889192806696,Low
Zambia,ZM,2013,5.05753695047252,6.97767605490307,15398997.0,24.2239941438767,Low
Zambia,ZM,2014,4.69328316376705,7.80687553566333,15895315.0,44.3958675879332,Low
Zambia,ZM,2015,2.92037511217961,10.1105928909618,16399089.0,49.4073473457883,Low
Zambia,ZM,2016,3.75510031678988,17.8697300795268,16914423.0,46.4328935811391,Low
Zambia,ZM,2017,3.52586277149926,6.57731154205644,17441320.0,52.2809418398754,Low
Zambia,ZM,2018,4.03449389667165,7.4945719272852,17973569.0,59.7122211727371,Low
Zambia,ZM,2019,1.44130602603785,9.15031644316296,18513839.0,61.9301173816653,Medium
Zambia,ZM,2020,-2.78505506545167,15.7330604721369,19059395.0,103.54315235027,High
Zambia,ZM,2021,6.23492204726448,22.0207676245777,19603607.0,71.4111761686383,Medium
